"d.desiste.df.t.tipo_de_abogado","d.desiste.df.t.trab_base","d.desiste.df.t.sueldo_diario_integrado","d.desiste.df.t.gen","d.desiste.df.t.horas","d.desiste.df.t.reinstalacion_t","d.desiste.df.t.indem_const_t","d.desiste.df.t.rec_hr_extra","d.desiste.df.t.rec_20_d_ias_t","d.desiste.df.t.sarimssinfo","d.desiste.df.t.cod_imss","d.desiste.df.t.antig_anos","d.desiste.df.t.y","d.desiste.df.t.id"
"0","1",4550,"0",84,"0","1","1","0","1","1",14.8547945205479,1.54520547945205,5
"0","0",600,"0",36,"0","1","0","0","0","1",2.24109589041096,1.67945205479452,7
"0","0",220,"0",42,"1","1","0","1","1","1",4.25479452054795,0.298630136986301,31
"0","0",600,"1",55,"0","1","1","0","1","1",0.449315068493151,0.553424657534247,35
"0","0",242.86,"0",70,"0","1","1","0","1","1",1.83835616438356,1.72054794520548,41
"0","0",200,"0",55,"0","1","1","0","0","1",1.0986301369863,0.457534246575342,43
"0","0",240,"0",72,"1","1","1","1","0","1",2.18082191780822,0.70958904109589,50
"0","0",142.65,"0",105,"0","1","0","0","1","1",0.482191780821918,0.942465753424658,64
"0","0",214.29,"0",70,"0","1","1","0","0","1",1.84109589041096,0.873972602739726,66
"1","0",247.27,"0",65,"0","1","0","0","0","1",9.46849315068493,0.158904109589041,74
"1","0",245.35,"1",50,"0","1","1","0","0","1",0.964383561643836,1.6027397260274,77
"0","0",500,"1",60,"0","1","1","0","1","1",0.931506849315068,0.391780821917808,78
"1","0",125.42,"1",41,"0","1","0","0","0","1",0.953424657534247,1.01369863013699,81
"0","0",60.06,"0",72,"0","1","1","0","1","1",1.76438356164384,1.28219178082192,89
"0","1",950,"0",66,"0","1","1","0","1","1",6.92602739726027,0.205479452054795,91
"0","0",666.67,"0",42,"1","1","0","1","1","1",0.432876712328767,0.23013698630137,92
"0","0",333.33,"0",42,"1","1","0","1","1","1",0.432876712328767,0.208219178082192,93
"0","1",500,"0",42,"1","1","0","1","1","1",0.432876712328767,0.189041095890411,94
"0","0",282,"0",54,"1","1","0","1","0","1",12.5753424657534,0.493150684931507,97
"0","1",11284.789,"1",35,"1","1","0","1","1","1",11.7479452054795,0.271232876712329,100
"0","0",150,"1",60,"0","1","1","0","1","1",0.126027397260274,0.268493150684932,107
"1","0",69.05,"0",60,"0","1","0","0","0","1",0.468493150684932,0.282191780821918,115
"0","1",233.333333333333,"1",72,"0","1","1","0","0","1",8.46301369863014,0.550684931506849,122
"0","0",300,"0",66,"0","1","1","0","1","1",18.9479452054795,2.20547945205479,131
"0","0",200,"0",54,"0","1","1","0","0","1",19.3041095890411,0.263013698630137,135
"0","0",259.51,"0",66,"0","1","1","0","0","1",0.901369863013699,0.632876712328767,137
"0","0",261.9,"0",50,"1","1","1","0","1","1",2.16712328767123,0.643835616438356,141
"0","0",376.701904761905,"0",66,"1","0","1","0","0","1",9.16712328767123,2.06849315068493,142
"0","0",283.333333333333,"0",60,"0","1","1","0","0","1",3.15342465753425,0.594520547945205,146
"1","0",89.01,"0",48,"0","1","0","0","0","1",1.39178082191781,0.605479452054794,155
"0","0",1508,"1",66,"1","0","1","0","1","1",2.34794520547945,2.21369863013699,156
"0","0",460,"0",77,"0","1","0","0","0","1",5.76438356164384,1.12328767123288,182
"1","0",121.16,"0",70,"0","1","0","0","0","1",41.1095890410959,0.865753424657534,188
"0","0",583.33,"1",52.5,"1","1","0","1","1","1",1.03287671232877,2.12876712328767,197
"0","0",285.714285714286,"0",66,"0","1","1","0","1","1",14.2602739726027,1.21369863013699,199
"0","0",166.666666666667,"0",72,"0","1","1","0","0","1",0.520547945205479,1.44931506849315,200
"1","0",367.73,"0",96,"0","1","1","0","0","1",7.03561643835616,1.14246575342466,214
"0","0",224,"1",54,"0","1","1","1","1","1",0.643835616438356,1.04657534246575,221
"0","0",213.33,"0",66,"0","1","1","0","1","1",1.90684931506849,2.31780821917808,228
"0","0",200,"0",55,"0","1","0","0","1","0",0.150684931506849,0.671232876712329,247
"0","0",214.285714285714,"0",66,"0","1","1","0","1","0",1.44657534246575,0.306849315068493,254
"0","0",300,"0",75,"1","1","1","1","1","0",6.93150684931507,0.134246575342466,255
"0","0",500,"0",60,"0","1","1","0","1","0",1.18630136986301,1.23013698630137,257
"0","0",666.666666666667,"1",72,"0","1","1","0","0","0",2.55890410958904,0.791780821917808,259
"0","0",211.71,"0",72,"0","1","1","1","1","0",0.846575342465753,0.101369863013699,260
"0","0",2131.7,"0",66,"1","0","1","0","1","0",4.3972602739726,0.805479452054795,262
"0","0",166.666666666667,"1",51,"0","1","0","0","1","0",0.235616438356164,0.898630136986301,264
"0","0",116.66,"1",45,"0","1","1","0","0","0",1.31506849315068,0.0438356164383562,265
"0","0",666.66,"0",60,"0","1","0","0","1","0",0.336986301369863,0.178082191780822,266
"0","0",300,"1",75,"0","1","1","0","0","0",4.50684931506849,0.273972602739726,270
"0","0",183.333333333333,"0",58,"0","1","1","0","0","0",1.44931506849315,1.6986301369863,272
"0","0",833.333333333333,"1",72,"1","1","1","1","0","0",1.49315068493151,0.117808219178082,273
"0","0",708.34,"1",42,"1","1","0","1","0","0",6.58082191780822,0.408219178082192,275
"1","0",62.75,"1",24,"0","1","0","0","0","0",0.876712328767123,0.0520547945205479,284
"0","0",266.666666666667,"0",72,"0","1","1","0","1","0",3.72602739726027,0.117808219178082,287
"0","0",1416.66,"0",60,"1","1","1","1","1","0",19.5178082191781,1.04931506849315,292
"0","0",142.857142857143,"0",69,"0","1","1","0","1","0",2.46575342465753,0.134246575342466,294
"0","0",933.333333333333,"0",45,"0","1","1","0","0","0",0.917808219178082,0.0383561643835616,295
"0","0",395.03,"1",66,"0","1","1","0","1","0",0.471232876712329,0.435616438356164,298
"0","0",348.91,"0",47.5,"1","0","1","0","0","0",0.767123287671233,1.26027397260274,299
"0","0",438.571428571429,"0",60,"0","1","0","0","0","0",7.11232876712329,1.07945205479452,304
"0","0",300,"0",48,"0","1","0","0","0","0",2.75890410958904,0.583561643835616,309
"0","0",2999.99,"0",60,"0","1","1","0","1","0",1.22191780821918,0.780821917808219,316
"1","0",156.78,"0",54,"0","1","0","0","0","0",0.679452054794521,0.780821917808219,330
"0","0",700,"0",66,"0","1","0","0","1","0",6.52328767123288,0.0273972602739726,337
"0","0",216.666666666667,"1",45,"0","1","1","0","0","0",0.673972602739726,0.183561643835616,339
"0","0",314.285714285714,"0",60,"0","1","1","0","0","0",17.0191780821918,0.315068493150685,340
"0","0",86.66,"1",46,"1","1","1","1","0","0",1.57534246575342,0.158904109589041,350
"0","0",600,"0",54,"0","1","0","0","0","0",3.21917808219178,0.506849315068493,352
"0","0",250,"0",69,"0","1","1","0","0","0",2.30684931506849,0.463013698630137,354
"0","0",233.333333333333,"1",55,"0","1","1","0","0","0",0.523287671232877,1.32602739726027,358
"0","0",322.357142857143,"1",60,"1","1","1","1","0","0",0.471232876712329,0.416438356164384,359
"0","0",333.33,"0",54,"0","1","1","0","1","0",0.378082191780822,2.54246575342466,365
"0","0",350.33,"1",77.5,"0","1","0","0","1","0",4.48219178082192,0.0191780821917808,366
"1","0",133.42,"0",54,"0","1","0","0","0","0",5.50958904109589,1.53424657534247,377
"0","1",173.333333333333,"0",52,"0","1","0","0","0","0",0.6,1.5041095890411,381
"0","0",400,"0",50,"0","1","1","0","1","0",4.61643835616438,0.717808219178082,387
"0","0",200,"0",57,"0","1","1","0","0","0",3.80821917808219,0.0136986301369863,392
"0","0",666.666666666667,"1",60,"1","1","1","1","0","0",8.85205479452055,0.136986301369863,403
"1","0",121.45,"0",42.5,"0","1","0","0","0","0",0.347945205479452,0.457534246575342,414
"0","0",171.428571428571,"0",50,"0","1","0","0","1","0",4.77260273972603,1.00547945205479,416
"1","0",134.55,"1",55,"0","1","0","0","0","0",1.52876712328767,0.572602739726027,420
"0","0",367.333333333333,"0",66,"0","1","1","1","0","0",0.750684931506849,0.0191780821917808,429
"0","0",383.333333333333,"1",60,"0","1","1","0","0","0",1.34794520547945,1.17534246575342,436
"0","0",195.478,"0",60,"1","0","0","1","0","0",3.62465753424658,0.501369863013699,438
"0","0",201.42,"0",54,"0","1","0","0","1","0",11.9397260273973,0.16986301369863,450
"1","0",156.98,"0",63,"1","1","0","0","0","0",1.63561643835616,0.142465753424658,455
"1","0",156.77,"0",56,"0","1","0","0","1","0",0.249315068493151,0.134246575342466,456
"0","0",100,"1",42.5,"0","1","0","0","0","0",2.43287671232877,0.326027397260274,463
"0","0",160,"1",60,"0","1","1","0","0","0",1.48767123287671,0.178082191780822,465
"0","0",491,"1",44,"1","0","0","0","1","0",8.07123287671233,2.43013698630137,471
"0","0",600,"0",60,"1","0","1","0","1","0",6.61095890410959,1.12328767123288,476
"0","1",558.54,"0",60,"0","1","1","0","1","0",2.33150684931507,1.19178082191781,480
"0","0",357.142857142857,"0",60,"0","1","1","0","0","0",3.11506849315069,1.41917808219178,488
"0","0",666.666666666667,"0",84,"0","1","1","0","1","0",26.958904109589,1.82191780821918,492
"0","0",1977,"0",60,"0","1","1","1","1","0",5.54246575342466,0.923287671232877,499
"1","0",209.04,"0",57,"0","1","1","0","0","0",0.257534246575342,0.180821917808219,505
"0","0",333.333333333333,"0",72,"0","1","0","0","0","0",3.74246575342466,0.254794520547945,507
"0","0",103.56,"1",25,"0","1","0","0","1","0",4.45205479452055,0.747945205479452,508
"0","0",433.333333333333,"1",72,"0","1","1","0","0","0",1.66027397260274,1.03561643835616,510
"1","0",174.29,"1",40,"0","1","0","0","0","0",0.6,1.44657534246575,512
"0","0",90,"0",84,"0","1","1","0","1","0",1.28493150684932,1.91506849315068,513
"0","0",180,"1",60,"0","1","1","0","1","0",2.67123287671233,0.246575342465753,514
"0","0",500,"0",72,"0","1","1","0","0","0",0.0301369863013699,0.0164383561643836,531
"0","0",100,"0",60,"0","1","1","0","0","0",0.213698630136986,0.375342465753425,535
"0","0",440,"0",96,"1","1","1","1","1","0",15.6246575342466,0.747945205479452,538
"1","1",2091.66,"1",47.5,"0","1","0","0","0","0",0.947945205479452,0.128767123287671,549
"1","0",156.98,"1",45,"0","1","0","0","0","0",1.27397260273973,0.665753424657534,554
"0","0",263.333,"1",51,"0","1","1","0","1","0",0.989041095890411,0.613698630136986,555
"1","0",129.74,"1",42,"0","1","0","0","0","0",0.920547945205479,0.53972602739726,565
"0","0",144.77,"0",66,"0","1","0","0","0","0",17.3753424657534,1.46027397260274,566
"1","0",277.76,"0",84,"0","1","0","0","0","0",5.96986301369863,0.010958904109589,569
"0","0",746.52,"0",70,"1","1","1","1","1","0",2.00821917808219,1.55068493150685,573
"0","0",434.29,"0",66,"1","1","1","1","0","0",1.17534246575342,0.46027397260274,575
"0","0",326.66,"1",60,"0","1","1","0","1","0",0.33972602739726,2.05479452054795,583
"1","0",209.04,"0",35,"0","1","0","0","0","0",0.010958904109589,0.561643835616438,594
"1","0",149.3,"0",57,"0","1","0","0","0","0",3.74794520547945,0.854794520547945,596
"0","0",194,"1",48,"0","1","0","0","0","0",6.81917808219178,0.947945205479452,600
"1","0",98.75,"1",54,"0","1","0","0","0","0",5.46027397260274,0.161643835616438,605
"0","0",2200,"0",66,"1","0","1","0","1","0",0.972602739726027,0.635616438356164,614
"1","0",156.77,"0",66,"0","1","0","0","0","0",3.91232876712329,0.23013698630137,616
"0","0",833.33,"1",60,"0","1","0","0","0","0",3.6986301369863,0.402739726027397,617
"0","0",153.333333333333,"0",59,"0","1","0","0","0","0",1.32876712328767,0.238356164383562,618
"0","0",233.33,"0",54,"0","1","0","1","0","0",0.901369863013699,0.249315068493151,619
"0","0",350,"0",62,"0","1","1","0","1","0",0.791780821917808,0.0438356164383562,621
"0","0",302.27,"0",60,"1","0","0","0","0","0",4.2986301369863,0.153424657534247,633
"1","0",173.5,"0",60,"0","1","0","0","0","0",0.0794520547945206,0.16986301369863,636
"0","0",714.28,"0",60,"0","1","1","0","1","0",1.55616438356164,0.153424657534247,638
"0","0",174.19,"0",60,"0","1","1","0","1","0",0.254794520547945,1.68767123287671,640
"0","1",1086.66,"0",39,"1","0","0","0","0","0",0.405479452054795,0.241095890410959,642
"0","0",366.66,"1",72,"1","0","1","0","0","0",2.6027397260274,0.706849315068493,645
"0","0",283.33,"0",84,"0","1","1","0","0","0",1.35342465753425,0.764383561643836,647
"0","0",200,"0",62.5,"0","1","1","0","1","0",2.21917808219178,0.402739726027397,668
"0","0",2499.47,"0",55,"1","1","1","1","1","0",1.6,1.11780821917808,671
"1","0",114.97,"0",49,"0","1","0","0","0","0",0.0986301369863014,0.183561643835616,685
"1","0",162.58,"0",47,"0","1","0","0","0","0",0.449315068493151,1.08767123287671,687
"1","0",268.76,"0",54,"0","1","0","0","0","0",4.97260273972603,0.205479452054795,691
"0","0",375,"1",54,"0","1","0","0","1","0",1.74794520547945,0.8,694
"0","0",200,"0",98,"0","1","1","1","0","0",1.05205479452055,1.06301369863014,695
"1","0",140,"0",56,"0","1","1","0","0","0",0.23013698630137,1.63561643835616,697
"0","0",200,"0",69,"0","1","0","0","0","0",12.6575342465753,0.50958904109589,708
"0","0",1071.42,"0",60,"1","1","1","1","1","0",5.41095890410959,0.520547945205479,710
"0","0",166.66,"1",30,"0","1","0","0","0","0",0.553424657534247,0.175342465753425,712
"0","0",141.54,"1",45,"0","1","1","0","1","0",0.704109589041096,0.0356164383561644,713
"0","1",2444.43,"0",77,"1","0","1","0","1","0",1.4986301369863,0.827397260273973,714
"0","0",522.59,"0",90,"0","1","1","0","0","0",0.926027397260274,0.69041095890411,716
"0","0",357.14,"1",84,"0","1","1","0","0","0",0.997260273972603,0.30958904109589,725
"0","0",1418.08,"0",60,"0","1","1","0","1","0",1.24931506849315,0.246575342465753,730
"0","0",1066.66,"0",66,"0","1","1","0","0","0",2.74794520547945,0.515068493150685,735
"0","0",185.71,"0",70,"1","0","0","0","0","0",1.21369863013699,0.36986301369863,744
"1","0",261.98,"0",60,"0","1","0","0","0","0",2.11506849315069,0.172602739726027,747
"0","0",200,"1",59,"0","1","1","0","1","0",0.0273972602739726,0.282191780821918,750
"1","0",159.01,"1",54,"0","1","0","0","0","0",0.164383561643836,0.153424657534247,751
"0","0",82.9,"1",50,"1","1","1","0","0","0",0.821917808219178,0.150684931506849,759
"1","0",186.63,"1",51,"0","1","1","0","0","0",0.53972602739726,0.56986301369863,774
"0","0",357.14,"1",69,"0","1","1","0","1","0",3.02739726027397,0.832876712328767,799
"0","0",114.97,"0",35,"0","1","0","0","0","0",0.463013698630137,2.11506849315069,805
"0","0",466.666666666667,"1",50,"0","1","1","1","1","0",3.48493150684931,0.336986301369863,817
"0","0",666.66,"1",60,"0","1","1","1","1","0",1.71506849315068,1.14246575342466,818
"0","0",1372.94,"1",63,"1","1","1","1","1","0",7.78082191780822,0.123287671232877,823
"0","0",164.796666666667,"0",54,"0","1","1","0","0","0",1.06849315068493,0.0876712328767123,829
"0","1",2333.33,"0",60,"0","1","0","0","1","0",0.712328767123288,0.10958904109589,832
"0","0",547,"0",75,"1","0","1","0","1","0",17.4684931506849,0.0273972602739726,834
"0","0",133.333333333333,"1",60,"0","1","1","1","1","0",0.252054794520548,0.517808219178082,840
"0","0",907.89,"1",78,"1","1","1","1","0","0",2.12602739726027,1.07123287671233,842
"0","0",314.285714285714,"0",65,"1","1","1","1","1","0",4.16438356164384,2.45753424657534,846
"0","0",185.71,"0",50,"0","1","0","1","1","0",1.52602739726027,0.0301369863013699,850
"0","0",400,"0",69,"0","1","1","0","0","0",4.93972602739726,0.512328767123288,851
"0","0",300,"0",60,"0","1","1","0","1","0",0.293150684931507,2.45479452054795,867
"0","0",326,"1",54,"0","1","1","0","0","0",0.89041095890411,0.545205479452055,872
"0","0",171.42,"0",112,"0","1","1","0","1","0",0.158904109589041,1.02465753424658,878
"1","0",125.42,"0",54,"0","1","0","0","0","0",1.3041095890411,0.758904109589041,880
"0","0",500,"0",60,"0","1","1","0","1","0",8.55342465753425,0.671232876712329,886
"0","0",370,"0",72,"0","1","1","0","1","0",17.0328767123288,0.786301369863014,887
"0","1",500,"0",56,"0","1","0","0","1","0",5.71506849315069,0.742465753424657,890
"0","0",266.666666666667,"0",50,"1","0","1","0","0","0",4.21095890410959,0.238356164383562,895
"0","1",1166.72,"0",63,"0","1","1","0","0","0",14.0849315068493,1.2027397260274,901
"0","1",214.28,"1",54,"0","1","1","0","1","0",0.402739726027397,0.608219178082192,904
"0","0",127,"1",45,"0","1","1","0","1","0",4.0027397260274,1.28767123287671,912
"0","0",512.908571428571,"1",72,"1","1","1","1","0","0",2.04931506849315,1.41095890410959,917
"0","0",479.066666666667,"0",54,"0","1","1","0","1","0",23.3753424657534,0.824657534246575,918
"0","0",214.285714285714,"0",72,"0","1","0","0","1","0",1.47945205479452,0.786301369863014,925
"0","0",374,"1",63,"1","1","1","1","1","0",4.68493150684932,0.997260273972603,928
"0","0",200,"0",66,"0","1","1","0","1","0",0.298630136986301,0.668493150684932,937
"0","1",791.64,"0",91,"0","1","1","0","1","0",0.336986301369863,0.435616438356164,945
"0","1",180,"1",40,"0","1","0","0","1","0",6.95616438356164,2.09041095890411,946
"1","0",223.09,"0",70,"0","1","0","0","0","0",6.78082191780822,1.54246575342466,949
"0","0",194.861,"0",40,"1","0","1","0","1","0",0.386301369863014,0.336986301369863,956
"1","0",229.94,"1",48,"0","1","0","0","1","0",0.728767123287671,0.857534246575342,969
"0","0",285.71,"1",50,"0","1","1","1","0","0",0.657534246575342,1.65753424657534,975
"0","0",379.23,"0",77,"0","1","1","0","0","0",9.57808219178082,1.57808219178082,977
"0","0",171.42,"0",72,"1","0","1","0","1","0",6.94246575342466,0.328767123287671,981
"0","0",135.31,"1",45,"0","1","1","0","1","0",3.26027397260274,0.375342465753425,987
"0","0",238.69,"0",60,"1","1","0","1","1","0",0.33972602739726,1.07945205479452,988
"0","0",361.904761904762,"1",66,"0","1","1","1","1","0",2.25205479452055,2.38356164383562,990
"0","0",150,"0",55,"0","1","1","0","1","0",0.389041095890411,0.224657534246575,993
"0","0",300,"0",49,"0","1","1","0","0","0",22.9945205479452,0.482191780821918,1004
"0","0",400,"0",72,"0","1","1","0","0","0",0.917808219178082,0.605479452054794,1007
"0","0",107.14,"0",48,"0","1","0","0","0","0",11.0602739726027,0.33972602739726,1009
"0","0",1249.16,"0",54,"0","1","1","0","1","0",4.91232876712329,0.0164383561643836,1011
"0","0",228.57,"1",54,"0","1","0","0","0","0",1.81369863013699,0.8,1019
"0","0",500,"0",60,"1","1","1","1","1","0",2.96438356164384,0.901369863013699,1020
"0","0",633.33,"0",48,"0","1","0","0","1","0",0.112328767123288,1.99178082191781,1031
"0","0",27518,"0",78,"1","1","1","0","1","0",21.4,0.221917808219178,1046
"0","0",133.333333333333,"1",54,"0","1","1","0","0","0",1.12602739726027,0.873972602739726,1055
"0","0",862.13,"1",62,"0","1","1","0","1","0",0.0876712328767123,0.482191780821918,1056
"0","0",400,"1",48,"1","1","1","0","1","0",6.26301369863014,0.0958904109589041,1064
"1","0",400,"0",168,"1","0","1","0","0","0",4.5972602739726,0.917808219178082,1068
"0","0",133.333333333333,"0",54,"0","1","0","1","0","0",0.69041095890411,1.60547945205479,1069
"0","0",450,"1",69,"0","1","1","0","1","0",1.95890410958904,0.619178082191781,1077
"0","0",180,"1",48,"0","1","1","1","1","0",0.178082191780822,0.786301369863014,1078
"0","0",902,"1",55,"0","1","1","0","1","0",0.783561643835616,0.646575342465753,1085
"0","1",800,"0",66,"1","1","1","1","0","0",1.55890410958904,0.572602739726027,1093
"0","0",316.66,"0",60,"0","1","1","0","1","0",2.63835616438356,0.115068493150685,1099
"0","1",176.91,"1",54,"1","0","1","0","1","0",0.224657534246575,0.728767123287671,1106
"0","0",700,"0",57,"1","1","1","1","1","0",1.51780821917808,0.421917808219178,1109
"0","0",193.333333333333,"0",66,"0","1","1","0","1","0",0.241095890410959,0.0328767123287671,1115
"0","0",700,"0",66,"0","1","1","0","1","0",0.545205479452055,0.824657534246575,1117
"0","0",250,"1",50,"0","1","0","0","1","0",10.5616438356164,0.772602739726027,1120
"0","0",833.333333333333,"1",60,"0","1","1","0","1","0",2.29041095890411,1.16712328767123,1125
"0","0",500,"0",60,"0","1","1","0","1","0",4.73424657534247,0.164383561643836,1127
"0","1",500,"0",45,"0","1","1","0","1","0",4.85753424657534,0.794520547945205,1129
"0","0",128.333333333333,"0",53,"0","1","1","0","1","0",0.526027397260274,0.142465753424658,1132
"0","0",171.42,"0",57,"0","1","1","0","0","0",6.76712328767123,0.353424657534247,1133
"0","0",285.714285714286,"0",51,"0","1","0","1","1","0",3.9013698630137,1.4027397260274,1140
"0","0",666.666666666667,"0",77,"0","1","1","0","0","0",4.05479452054795,0.0767123287671233,1144
"0","0",400,"1",70,"0","1","1","0","0","0",1.0027397260274,0.0219178082191781,1145
"0","0",573.32,"0",58,"1","1","1","1","0","0",5.03013698630137,1.40821917808219,1148
"0","0",735.56,"0",66,"1","1","1","1","1","0",7.97260273972603,1.73698630136986,1159
"0","0",397.26,"1",50,"1","1","1","1","1","0",2.3013698630137,0.153424657534247,1161
"1","0",313.56,"0",48,"0","1","0","0","0","0",12.4630136986301,1.68493150684932,1172
"0","0",190,"0",69,"0","1","1","0","0","0",1.17808219178082,1.13150684931507,1184
"1","0",302.9,"1",47.5,"0","1","1","0","1","0",6.1013698630137,1.87123287671233,1185
"0","0",121.428571428571,"0",60,"0","1","1","0","0","0",0.284931506849315,0.706849315068493,1187
"1","0",194.32,"0",48,"0","1","0","0","0","0",0.627397260273973,1.56438356164384,1194
"0","0",96.67,"0",50,"0","1","1","1","1","0",12.1232876712329,0.158904109589041,1204
"0","0",233.2,"0",72,"0","1","1","0","1","0",2.22191780821918,0.386301369863014,1210
"0","0",1045.15,"0",63,"1","1","1","1","1","0",9.15616438356164,0.479452054794521,1217
"0","0",205,"1",54,"0","1","1","0","0","0",5.26575342465753,0.106849315068493,1220
"0","0",500,"0",61.25,"0","1","0","0","1","0",7.49041095890411,0.646575342465753,1227
"1","0",298.62,"0",60,"0","1","0","0","0","0",0.249315068493151,2.92876712328767,1243
"1","0",363.74,"0",45,"0","1","0","0","0","0",4.34794520547945,0.00273972602739726,1247
"1","0",182.07,"0",57,"0","1","0","0","0","0",0.553424657534247,0.26027397260274,1253
"0","0",383.33,"0",77,"0","1","1","0","0","0",4.39178082191781,1.19452054794521,1254
"0","0",403.33,"0",60,"0","1","1","0","0","0",3.15068493150685,0.364383561643836,1256
"0","0",455.02,"0",60,"0","1","1","0","0","0",0.156164383561644,0.0657534246575342,1257
"0","0",598.07,"0",147,"1","1","0","1","1","0",9.28767123287671,0.86027397260274,1259
"0","0",182.14,"0",72,"1","1","1","1","0","0",10.0547945205479,1.01917808219178,1265
"0","0",400,"0",60,"0","1","1","0","0","0",6.76986301369863,0.235616438356164,1269
"0","0",216.42,"1",54,"1","1","1","1","1","0",4.47397260273973,0.805479452054795,1283
"0","0",302.8,"0",50,"1","1","0","1","1","0",1.49315068493151,0.0602739726027397,1288
"0","0",553.33,"0",77,"1","0","1","0","1","0",13.186301369863,1.74246575342466,1297
"0","0",313.23,"0",50,"1","1","1","1","1","0",8.44383561643836,0.684931506849315,1299
"0","0",207,"0",78,"0","1","1","0","1","0",2.37534246575342,0.0246575342465753,1304
"0","0",165.45,"0",54,"0","1","1","0","1","0",10.1671232876712,2,1306
"0","0",185.714285714286,"0",84,"0","1","1","0","0","0",1.38630136986301,0.610958904109589,1312
"1","0",570.86,"1",47.5,"1","1","0","0","0","0",5,0.838356164383562,1313
"0","1",983.333333333333,"1",61,"1","1","1","1","1","0",0.728767123287671,1.30684931506849,1314
"0","0",848.8,"0",60.6666666666667,"0","1","1","0","1","0",1.74794520547945,0.63013698630137,1317
"1","0",142.58,"1",42,"0","1","0","0","0","0",7.44657534246575,2.20821917808219,1331
"1","0",216.44,"0",72,"0","1","0","0","0","0",0.572602739726027,0.254794520547945,1334
"0","0",1067.36,"0",66,"1","1","1","1","1","0",0.723287671232877,0.178082191780822,1338
"1","0",139.53,"1",57,"0","1","0","0","0","0",2.12328767123288,0.701369863013699,1342
"0","0",171.42,"1",42,"0","1","0","0","1","0",0.802739726027397,0.0246575342465753,1345
"0","0",1198.8,"1",72,"1","1","1","0","1","0",1.72328767123288,0.764383561643836,1346
"0","0",400,"0",60,"0","1","1","0","1","0",1.66301369863014,0.731506849315068,1347
"0","0",364.36,"0",72,"0","1","1","0","1","0",2.32602739726027,1.43561643835616,1348
"0","0",457.14,"1",66,"0","1","1","0","0","0",1.94794520547945,0.386301369863014,1361
"0","0",428.8,"0",50,"0","1","0","0","0","0",2.69315068493151,1.8958904109589,1365
"0","0",700,"1",55,"0","1","1","1","1","0",0.334246575342466,1.41369863013699,1366
"0","0",238.53,"0",60,"1","1","1","0","1","0",0.0684931506849315,0.227397260273973,1379
"0","0",2551.06,"0",66,"1","1","1","1","1","0",3.38082191780822,2.37808219178082,1380
"0","0",233.33,"0",54,"1","0","0","0","0","0",0.435616438356164,0.293150684931507,1381
"0","0",400,"0",66,"1","1","1","1","1","0",13.241095890411,0.786301369863014,1398
"0","0",285.71,"0",84,"0","1","1","0","0","0",1.56164383561644,1.43835616438356,1401
"1","0",79.6,"0",42,"0","1","0","0","0","0",0.419178082191781,1.0027397260274,1416
"0","0",850,"0",66,"1","1","1","0","1","0",3.44383561643836,1.61643835616438,1422
"0","0",560,"1",66,"0","1","1","0","1","0",0.156164383561644,0.520547945205479,1423
"0","0",142.85,"0",69,"1","1","1","0","1","0",0.936986301369863,0.805479452054795,1426
"0","1",200,"1",57,"0","1","1","0","1","0",7.85753424657534,0.427397260273973,1427
"0","0",60,"0",54,"0","1","1","0","0","0",28.2219178082192,0.150684931506849,1429
"0","0",1333.33,"1",72,"0","1","1","0","0","0",1.24931506849315,0.83013698630137,1434
"0","0",1000,"0",60,"1","1","1","1","1","0",0.887671232876712,0.0958904109589041,1447
"0","0",282.14,"0",72,"0","1","1","0","1","0",0.194520547945205,0.487671232876712,1452
"1","0",419.71,"0",52.5,"0","1","0","0","0","0",8.01643835616438,1.72328767123288,1455
"0","0",191.86,"1",60,"0","1","1","0","0","0",1.15068493150685,0.26027397260274,1457
"0","0",1866.66,"0",60,"0","1","1","1","1","0",10.1506849315068,0.904109589041096,1461
"0","0",250,"1",57,"1","1","1","0","1","0",0.419178082191781,1.76986301369863,1462
"0","0",571.42,"0",39,"1","0","0","0","1","0",0.536986301369863,0.531506849315069,1471
"0","0",2987,"0",66,"1","1","0","1","1","0",16.0904109589041,0.468493150684932,1478
"0","0",666.67,"0",47.5,"1","1","0","1","1","0",0.827397260273973,0.367123287671233,1480
"0","0",171.7,"0",65,"0","1","1","0","0","0",0.463013698630137,0.284931506849315,1494
"0","0",195.66,"0",60,"0","1","1","1","1","0",2.41643835616438,0.895890410958904,1503
"0","0",216.666666666667,"1",48,"0","1","0","0","1","0",0.287671232876712,2.26301369863014,1507
"0","0",150,"0",49,"0","1","0","0","0","0",0.0794520547945206,1.01643835616438,1509
"0","0",3121.01,"0",60,"1","1","1","1","1","0",10.1452054794521,0.0136986301369863,1512
"0","0",500,"1",66,"0","1","1","0","1","0",0.421917808219178,0.0410958904109589,1521
"0","0",147.714285714286,"0",60,"0","1","1","0","0","0",18.1013698630137,0.534246575342466,1523
"0","0",666.666666666667,"1",60,"0","1","0","0","0","0",0.00273972602739726,1.52602739726027,1532
"0","0",161.666666666667,"0",50,"0","1","1","0","1","0",5.11780821917808,0.0438356164383562,1542
"0","0",307.95,"0",36,"1","1","0","1","1","0",0.498630136986301,0.0410958904109589,1548
"0","0",400,"1",62,"0","1","1","0","0","0",3.86575342465753,0.0246575342465753,1553
"0","0",317.06,"1",72,"1","0","1","0","1","0",3.15890410958904,0.153424657534247,1555
"0","0",327.61,"0",55,"0","1","1","0","0","0",6.63013698630137,0.0876712328767123,1556
"0","0",765.82,"0",66,"0","1","1","0","0","0",1.03287671232877,0.131506849315068,1559
"0","0",279.866666666667,"0",72,"0","1","1","0","0","0",1.7013698630137,0.517808219178082,1560
"0","0",250,"0",60,"0","1","1","0","1","0",2.66027397260274,0.342465753424658,1561
"1","0",118.79,"0",48,"0","1","0","0","0","0",3.36986301369863,0.413698630136986,1562
"0","0",106.666666666667,"0",48,"0","1","0","0","1","0",3.14246575342466,0.402739726027397,1569
"0","0",400,"1",66,"0","1","0","1","1","0",0.671232876712329,2.25205479452055,1589
"0","0",408.33,"0",60,"0","1","1","0","0","0",1.58082191780822,2.58904109589041,1594
"0","0",500,"0",60,"0","1","1","0","0","0",2.91780821917808,0.238356164383562,1599
"0","0",1000,"1",54,"0","1","1","0","1","0",0.224657534246575,0.76986301369863,1600
"1","0",210.12,"0",48,"0","1","0","0","1","0",7.27397260273973,1.81643835616438,1602
"0","0",250.66,"0",60,"0","1","1","0","0","0",16.413698630137,0.591780821917808,1611
"0","0",584.86,"0",66,"0","1","1","0","1","0",7.96438356164384,0.326027397260274,1612
"0","0",1000,"1",60,"1","0","1","0","0","0",8.2,0.158904109589041,1617
"0","0",913.333333333333,"1",64.5,"0","1","1","0","0","0",0.389041095890411,0.8,1620
"0","0",1508.33333333333,"1",54,"1","0","1","0","1","0",8.21643835616438,0.167123287671233,1626
"0","0",457.45,"0",66,"1","0","1","0","1","0",2.6,0.142465753424658,1630
"0","0",500,"0",60,"0","1","0","0","1","0",3.26301369863014,0.43013698630137,1636
"0","0",344.07,"0",48,"1","1","0","0","1","0",16.7671232876712,0.649315068493151,1639
"0","0",642.85,"0",60,"0","1","1","0","1","0",1.60547945205479,1.47671232876712,1640
"0","0",182.4,"0",54,"1","1","1","1","1","0",0.495890410958904,0.419178082191781,1652
"0","0",350,"1",60,"1","1","1","1","1","0",3.0986301369863,0.0136986301369863,1656
"0","0",357.14,"0",36,"1","0","0","0","0","0",0.216438356164384,0.794520547945205,1663
"0","0",1166.66,"1",50,"0","1","1","0","1","0",1.43835616438356,2.83835616438356,1667
"0","0",3500,"0",54,"1","0","1","0","0","0",0.884931506849315,0.194520547945205,1674
"0","0",704.26,"0",66,"0","1","1","1","1","0",4.25479452054795,1.98630136986301,1675
"0","0",303.33,"0",60,"0","1","1","0","0","0",2.86301369863014,0.205479452054795,1676
"0","0",3525.56,"0",66,"0","1","1","0","1","0",9.17534246575342,0.961643835616438,1689
"0","0",289,"0",57,"1","0","0","0","1","0",12.4876712328767,2.3972602739726,1695
"0","0",574.402666666667,"0",25,"0","1","0","0","1","0",4.31780821917808,1.41095890410959,1697
"0","0",194.04,"0",51,"0","1","1","0","1","0",2.5013698630137,0.868493150684931,1700
"0","1",4211.746,"0",45,"1","1","1","1","1","0",18.4876712328767,0.0986301369863014,1702
"0","0",166.666666666667,"0",72,"0","1","0","0","0","0",2.42465753424658,0.120547945205479,1704
"0","0",1720.936,"0",20,"1","0","0","0","0","0",1.55890410958904,0.997260273972603,1705
"0","0",274.04,"0",77,"0","1","1","0","1","0",5.22191780821918,0.0821917808219178,1706
"0","0",600,"0",54,"1","0","1","1","1","0",28.1698630136986,0.498630136986301,1707
"0","0",1896.19166666667,"0",49,"1","1","1","1","1","0",2.07945205479452,0.0520547945205479,1708
"0","0",464,"0",57,"0","1","1","0","1","0",12.2082191780822,1.14520547945205,1719
"0","1",833.33,"0",60,"0","1","1","0","1","0",3.04657534246575,0.608219178082192,1720
"0","0",285.714285714286,"0",69,"0","1","1","0","0","0",4.33698630136986,0.673972602739726,1726
"0","0",510,"0",50,"0","1","1","0","0","0",16.5808219178082,0.945205479452055,1729
"0","0",1714.28571428571,"0",75,"0","1","1","0","0","0",0.501369863013699,0.0821917808219178,1742
"0","0",95.54,"1",60,"0","1","0","0","0","0",0.106849315068493,0.16986301369863,1743
"0","0",200,"1",70,"0","1","1","0","1","0",0.912328767123288,2.96438356164384,1750
"0","0",293.22,"0",66,"1","1","1","1","1","0",14.0849315068493,0.893150684931507,1753
"0","0",200,"0",66,"0","1","1","0","0","0",0.835616438356164,0.0767123287671233,1758
"0","0",164.31,"0",92,"0","1","0","0","1","0",11.0246575342466,1.38630136986301,1759
"0","0",560.05,"1",66,"0","1","1","0","0","0",0.789041095890411,0.504109589041096,1765
"0","0",562.35,"0",69,"0","1","1","0","1","0",3.97260273972603,1.71506849315068,1775
"0","0",140,"1",63,"0","1","1","0","0","0",0.780821917808219,0.443835616438356,1776
"0","0",1518,"0",57,"0","1","1","0","1","0",1.78356164383562,0.958904109589041,1777
"0","0",300,"1",66,"0","1","1","0","1","0",2.15616438356164,1.41095890410959,1783
"0","0",660,"0",67,"0","1","0","1","0","0",11.0958904109589,1.43835616438356,1786
"0","0",216.666666666667,"1",60,"0","1","1","0","1","0",0.334246575342466,0.764383561643836,1799
"0","1",933.33,"0",50,"1","1","1","1","1","0",9.96712328767123,2.00547945205479,1811
"0","1",57.1428571428571,"1",12,"0","1","0","0","1","0",3.98082191780822,1.57534246575342,1821
"0","1",298.48,"0",71,"0","1","1","0","1","0",5.08493150684932,0.594520547945205,1825
"0","0",500,"1",50,"1","1","1","1","1","0",0.838356164383562,0.397260273972603,1842
"0","0",84.08,"0",48,"1","0","1","0","1","0",7.49315068493151,1.11232876712329,1845
"0","0",223.57,"0",60,"0","1","1","0","1","0",13.8849315068493,1.0986301369863,1847
"0","0",142.85,"1",40,"0","1","1","0","1","0",13.8821917808219,2.30684931506849,1852
"0","1",338.65,"0",54,"0","1","1","0","1","0",1.91232876712329,0.482191780821918,1855
"0","0",1112.87,"0",66,"0","1","1","0","0","0",6.65479452054795,0.112328767123288,1860
"0","0",300,"1",54,"0","1","1","0","1","0",1.02739726027397,0.232876712328767,1861
"0","0",264.285714285714,"0",50,"0","1","0","0","1","0",5.6986301369863,0.736986301369863,1864
"0","0",210.12,"0",66,"1","1","1","1","0","0",6.33972602739726,0.652054794520548,1874
"0","0",200,"1",55,"1","1","1","1","1","0",3.58356164383562,1,1877
"0","1",342.41,"0",60,"1","1","1","0","1","0",5.81643835616438,0.284931506849315,1878
"0","0",366.66,"0",55,"0","1","1","1","0","0",3.99452054794521,0.150684931506849,1880
"0","0",285.714285714286,"0",63,"0","1","1","0","1","0",1.52876712328767,0.610958904109589,1894
"0","0",1102.58,"1",78,"1","0","1","0","1","0",12.2630136986301,1.44383561643836,1896
"0","0",428.57,"0",84,"0","1","1","0","1","0",2.65205479452055,1.53972602739726,1903
"0","0",200,"1",50,"0","1","0","0","0","0",0.424657534246575,0.536986301369863,1904
"0","0",350,"1",60,"0","1","1","0","0","0",0.378082191780822,0.172602739726027,1909
"1","0",142.75,"0",36,"0","1","0","0","0","0",2.95616438356164,1.10684931506849,1910
"0","0",600.81,"0",60,"0","1","1","0","0","0",0.531506849315069,0.66027397260274,1918
"0","0",857.14,"0",84,"0","1","0","0","1","0",0.263013698630137,0.43013698630137,1919
"0","0",221.7,"0",50,"1","0","1","0","1","0",7.21369863013699,0.0712328767123288,1922
"0","0",600,"0",90,"0","1","1","0","0","0",5.56438356164384,0.854794520547945,1926
"0","0",76.349,"0",52.5,"0","1","1","0","1","0",10.1616438356164,0.0876712328767123,1927
"0","0",303.33,"0",60,"0","1","1","0","0","0",0.956164383561644,0.128767123287671,1955
"0","0",220.68,"1",54,"1","0","1","0","0","0",0.679452054794521,1.83561643835616,1958
"0","0",666.66,"1",50,"1","0","1","0","0","0",0.572602739726027,1.27123287671233,1966
"1","0",334.46,"0",45,"0","1","0","0","1","0",5.12328767123288,0.671232876712329,1968
"0","0",300,"0",60,"0","1","1","0","1","0",9.60547945205479,0.542465753424658,1969
"0","0",1163,"0",73.5,"0","1","1","0","1","0",6.57260273972603,2.34246575342466,1974
"0","1",1000,"0",60,"0","1","0","0","0","0",2.09315068493151,0.287671232876712,1980
"0","0",250,"0",70,"0","1","1","0","0","0",32.2219178082192,0.917808219178082,1990
"0","0",450,"1",66,"1","0","1","0","1","0",13.6520547945205,2.15068493150685,1999
"0","0",1333.33,"1",84,"0","1","1","0","1","0",8.04109589041096,1.7041095890411,2000
"0","0",200,"0",48,"1","0","0","0","0","0",4.15616438356164,0.583561643835616,2005
"0","0",273.86,"1",45,"1","0","0","0","0","0",0.616438356164384,0.419178082191781,2008
"0","0",350,"0",60,"0","1","1","0","0","0",1.76438356164384,0.117808219178082,2012
"0","0",566.66,"0",60,"1","0","1","1","1","0",3.51506849315069,0.616438356164384,2015
"0","0",300,"0",72,"0","1","1","0","0","0",1.69041095890411,0.819178082191781,2016
"1","0",141.84,"0",42,"0","1","0","0","0","0",2.64383561643836,0.745205479452055,2017
"0","0",700,"0",66,"0","1","1","0","1","0",1.83287671232877,0.0136986301369863,2024
"1","0",126.02,"0",40,"0","1","0","0","0","0",6.6,0.194520547945205,2025
"0","0",707.74,"0",72,"0","1","1","0","1","0",1.63835616438356,0.550684931506849,2030
"1","0",206.59,"0",102,"0","1","0","0","0","0",0.263013698630137,0.654794520547945,2031
"0","0",939.9,"0",45,"1","1","1","1","0","0",1.35616438356164,0.164383561643836,2039
"0","0",166.66,"0",40,"0","1","0","0","0","0",3.54246575342466,1.55616438356164,2042
"1","0",104.64,"0",42,"0","1","0","0","0","0",1.04657534246575,1.46027397260274,2049
"0","0",100,"0",48,"0","1","1","1","1","0",7.83013698630137,1.62465753424658,2051
"1","0",167.28,"0",56,"0","1","0","0","0","0",0.180821917808219,1.11506849315068,2072
"0","0",142.857142857143,"0",77,"0","1","1","0","0","0",20.6,0.882191780821918,2077
"0","0",414.285714285714,"0",105,"1","0","1","1","1","0",2.34520547945205,1.17534246575342,2080
"1","0",174.18,"1",55,"0","1","0","0","0","0",0.638356164383562,0.063013698630137,2083
"0","0",533.333333333333,"0",78,"0","1","1","0","0","0",1.58082191780822,0.0958904109589041,2094
"1","0",138.8,"1",45,"0","1","0","0","1","0",0.0465753424657534,2.36438356164384,2096
"0","0",314.285714285714,"0",60,"0","1","1","0","1","0",6.81643835616438,0.457534246575342,2100
"0","0",576.6,"0",30,"0","1","0","0","0","0",2.9013698630137,1.88219178082192,2101
"0","0",133.16,"1",66,"0","1","1","0","1","0",6.86301369863014,0.742465753424657,2105
"0","0",733.333333333333,"0",81,"0","1","1","0","0","0",4.17260273972603,0.216438356164384,2106
"0","0",338.65,"0",54,"0","1","1","0","1","0",3.43013698630137,0.517808219178082,2116
"1","0",167.22,"0",42,"0","1","0","0","0","0",0.232876712328767,0.517808219178082,2123
"0","0",610.93,"0",69,"1","0","1","0","1","0",0.254794520547945,1.42191780821918,2130
"0","0",436,"0",60,"1","1","1","1","1","0",6.01095890410959,0.901369863013699,2131
"0","0",533.333333333333,"0",84,"0","1","1","0","1","0",0.90958904109589,0.654794520547945,2133
"0","0",533.333333333333,"0",84,"0","1","1","0","0","0",0.726027397260274,0.654794520547945,2134
"0","0",750,"1",54,"1","1","1","1","1","0",6.67397260273973,1.78630136986301,2150
"0","1",1634.49,"0",50,"1","0","0","0","0","0",25.8520547945205,0.638356164383562,2151
"0","0",266.67,"0",34,"0","1","0","1","1","0",1.86575342465753,0.841095890410959,2154
"1","0",940.68,"0",54,"1","1","0","0","0","0",2.94794520547945,1.26849315068493,2166
"0","0",171.428571428571,"0",50,"0","1","1","0","1","0",2.89041095890411,0.408219178082192,2173
"1","0",325.3,"0",48,"0","1","0","0","0","0",4.14246575342466,1.35068493150685,2177
"0","0",145.784,"1",52.5,"0","1","1","0","0","0",0.0657534246575342,0.219178082191781,2183
"0","0",1166.66666666667,"0",72,"1","1","1","1","1","0",8.92054794520548,2.38904109589041,2187
"0","1",27518.14,"0",72,"1","1","1","1","1","0",21.4054794520548,0.186301369863014,2198
"1","0",358.8,"0",63,"0","1","0","0","0","0",1.26849315068493,2.98630136986301,2201
"0","0",406.66,"1",65,"1","1","1","1","1","0",1.21095890410959,0.484931506849315,2202
"1","0",139.34,"1",56,"0","1","0","0","0","0",0.49041095890411,0.180821917808219,2203
"0","0",200,"1",55,"1","1","1","1","1","0",0.142465753424658,1.14520547945205,2205
"0","0",833.33,"0",60,"0","1","1","0","1","0",1.94794520547945,1.55342465753425,2219
"1","0",278.7,"1",45,"0","1","0","0","1","0",0.186301369863014,2.47671232876712,2225
"0","0",428.57,"0",40,"1","0","1","0","1","0",12.041095890411,2.26027397260274,2230
"0","0",720,"1",72,"0","1","1","0","0","0",2.30958904109589,1.87671232876712,2258
"0","0",233.82,"1",45,"0","1","0","0","0","0",2.75068493150685,0.0246575342465753,2266
"0","0",597.23,"0",77,"0","1","1","1","1","0",3.33972602739726,1.52876712328767,2268
"0","0",285.71,"1",60,"0","1","1","0","0","0",0.150684931506849,0.0191780821917808,2271
"0","0",1586.14,"1",112,"1","1","1","1","1","0",3.20547945205479,1.55616438356164,2274
"1","0",248.75,"0",48,"0","1","0","0","0","0",3.7041095890411,0.90958904109589,2284
"1","0",133.78,"0",48,"0","1","0","0","1","0",0.501369863013699,2.31780821917808,2285
"0","1",214.28,"1",69,"0","1","0","0","0","0",0.224657534246575,0.947945205479452,2289
"0","0",233.33,"0",60,"0","1","1","0","1","0",0.232876712,1.66027397260274,2337
