"lt_convenio_train.id","lt_convenio_train.antig_anos","lt_convenio_train.horas","lt_convenio_train.sueldo_diario_integrado","lt_convenio_train.tipo_de_abogado","lt_convenio_train.trab_base","lt_convenio_train.gen","lt_convenio_train.reinstalacion_t","lt_convenio_train.indem_const_t","lt_convenio_train.sal_caidos_t","lt_convenio_train.rec_hr_extra","lt_convenio_train.rec_20_d_ias_t","lt_convenio_train.sarimssinfo","lt_convenio_train.cod_imss","lt_convenio_train.y"
445,0.00177186904986242,-0.815779322129776,-0.74028436301692,"1","0","1","0","1","1","0","0","0","0",5500
1580,-0.184617851186135,0.127308610644889,1.06777692989743,"0","0","0","0","1","1","1","0","1","0",27500
21,-0.20640366264229,-0.344235355742444,-0.18915351950412,"0","0","1","0","1","1","0","0","0","1",10000
1869,0.390890668113974,-0.815779322129776,-0.628777735433014,"0","0","1","0","1","1","0","0","1","0",22000
1510,-0.752259271904854,0.127308610644889,0.000727862108856885,"0","0","0","0","1","1","1","0","0","0",5000
776,-0.712318617568569,1.46334984874233,-0.486326684883239,"0","0","0","0","1","1","1","0","0","0",12000
960,1.60726514108266,0.598852577032221,-0.270756096963252,"0","0","1","0","1","1","1","0","0","0",10000
1341,-0.58826052455435,-0.815779322129776,-0.669992505676348,"1","0","0","0","1","1","0","0","0","0",9000
798,1.25990248064284,0.127308610644889,0.240787226134592,"0","0","0","1","0","1","1","0","1","0",50000
934,0.699522997076177,-0.855074652662054,-0.479444218396003,"0","0","0","0","1","1","0","1","0","0",25000
1410,0.433251968167609,-0.658598000000665,-0.739724162256331,"1","0","0","0","1","1","0","0","0","0",6000
2036,-0.469043722974832,-0.658598000000665,-0.857232940846548,"1","0","1","0","1","1","0","0","0","0",19000
1023,-0.328041109939159,-1.44450461064622,-0.740657830190646,"1","0","1","0","1","1","0","0","0","0",5000
520,-0.703241196128504,-0.0298727114842223,-0.113606445504689,"0","0","0","0","1","1","1","0","1","0",21000
375,-0.686901837536387,-0.953312978992748,0.266423079988213,"1","1","1","0","1","1","0","0","0","0",20000
2137,-0.746207657611477,0.323785263306277,-0.203852120412908,"0","0","1","1","1","1","1","1","1","0",3000
1833,-0.372823055710145,-1.28732328851711,-0.132653271364715,"0","0","1","0","1","1","1","0","1","0",17800
2237,-0.743181850464789,0.598852577032221,0.589445509034509,"0","0","1","0","1","1","1","0","1","0",16000
313,1.83662132280163,0.363080593838555,1.06777692989743,"0","0","0","0","1","1","1","0","1","0",34229.08
487,-0.023644910982319,-0.462121347339277,0.105076368863015,"0","0","0","0","1","1","1","0","1","0",30000
1973,-0.689927644683076,0.598852577032221,0.124318820385469,"0","0","0","0","1","1","1","0","0","0",9000
1418,1.45476446088957,-0.344235355742444,-0.479444218396003,"0","0","0","0","1","1","0","0","1","0",35000
1216,1.10679663902042,0.127308610644889,1.55792591918612,"0","1","1","1","1","1","1","1","0","0",198281.35
637,2.21726786185501,-0.658598000000665,-0.799558938732576,"0","0","0","0","1","1","1","1","0","0",18000
736,0.540970702589712,2.01348447619422,-0.452767991701288,"0","0","0","0","1","1","0","0","0","0",36500
2162,-0.292941747037575,0.127308610644889,0.124581771762888,"0","0","0","0","1","1","1","0","1","0",16500
427,0.103438989178588,-1.05155130532344,-0.72766650779032,"0","0","0","0","1","1","0","0","1","0",22500
1280,1.34341475789144,-0.815779322129776,-0.87852056974893,"1","0","1","0","1","1","0","0","0","0",7000
56,3.77434821954079,1.07039654341955,0.47769879541035,"0","0","0","0","1","1","1","1","1","1",30000
1817,0.507686823976141,0.363080593838555,0.267490129056001,"0","0","0","0","1","1","1","1","0","0",18000
1239,-0.772229599072996,0.127308610644889,-0.418275630585022,"1","0","0","0","1","1","0","0","0","0",9000
1504,0.304957745148027,0.323785263306277,0.961525518972386,"0","0","1","1","0","1","1","1","1","0",90918.68
1100,-0.041194592433111,0.127308610644889,-0.460770859709702,"0","1","1","0","1","1","1","0","1","0",55000
944,0.116147379194679,-0.462121347339277,-0.61093133977425,"0","0","0","0","1","1","0","0","1","0",2000
2176,-0.700820550411153,-1.75886725490444,-0.799265500238934,"1","0","0","0","1","1","0","0","0","0",4200
1907,-0.46178178582278,-0.265644694677888,-0.258565061363767,"0","0","0","1","1","1","1","1","1","0",25000
1352,1.14250116335134,2.01348447619422,-0.56838275819618,"0","0","0","0","1","1","1","0","0","0",22500
1030,1.76279162842243,1.07039654341955,0.854367116339718,"0","0","0","0","1","1","1","0","0","0",30000
1195,-0.159201071153953,-0.265644694677888,0.431869037948831,"0","0","1","0","1","1","1","1","1","0",33000
1399,0.374551309521857,0.598852577032221,-0.685251307345724,"0","0","0","0","1","1","1","0","1","0",18000
222,1.28592442210436,0.127308610644889,-0.154794539521328,"0","0","0","1","1","1","1","1","0","1",30000
1645,-0.429708230067885,0.127308610644889,-0.648411438280324,"0","0","1","1","0","1","1","0","1","0",8000
288,-0.289310778461549,0.127308610644889,0.000727862108856885,"0","0","0","1","1","1","1","1","1","0",40000
1087,-0.716554747573932,-0.737188661065221,0.000727862108856885,"0","0","1","0","1","1","1","0","1","0",25000
861,-0.201562371207589,0.127308610644889,-0.494703020065379,"0","0","0","1","1","1","1","1","1","0",7500
1082,-0.236056572679835,-0.344235355742444,-0.494703020065379,"0","0","0","1","0","1","1","0","1","0",15000
1141,-0.213665599794342,-1.05155130532344,-0.494687776507268,"0","0","0","0","1","1","0","0","1","0",20000
1350,0.117962863482692,0.127308610644889,0.511444222179164,"0","0","1","1","1","1","1","1","1","0",70015.3
1221,-0.715344424715257,-0.658598000000665,-0.67987338004407,"0","0","0","0","1","1","1","0","1","0",6500
1271,0.658977181310554,-1.16943729692028,-0.506493912264443,"0","0","1","0","1","1","0","0","0","0",7000
1191,-0.465412754398806,-0.226349364145611,-0.577239265458826,"0","0","0","0","1","1","1","0","1","0",20000
1101,-0.441811458654638,1.07039654341955,-0.259311995711219,"0","0","0","1","0","1","0","0","0","0",3500
2010,-0.525928897332571,-0.0298727114842223,-0.632032235089769,"0","0","1","0","1","1","1","0","0","0",8000
408,-0.686901837536387,0.127308610644889,0.596301299295051,"0","1","0","1","1","1","1","1","1","0",38000
838,-0.0417997538624486,0.127308610644889,0.686226859482933,"0","0","1","0","1","1","1","0","1","0",25000
1781,-0.557397291658129,-0.344235355742444,-0.0427810636302223,"0","0","0","0","1","1","0","0","0","0",17000
1238,0.485295851090648,-1.44450461064622,-0.540079281673088,"1","0","0","0","1","1","0","0","0","0",22000
1642,-0.735919913312737,-0.815779322129776,-0.532796671785431,"0","0","1","0","1","1","0","0","0","0",4000
296,2.86418542981696,1.07039654341955,-0.219351008122537,"1","0","0","0","1","1","0","0","0","0",70000.06
1126,-0.558002453087467,-0.972960644258887,-0.354955160487335,"0","0","1","0","1","1","0","1","0","0",20000
815,0.150641580666925,2.01348447619422,-0.906263845511433,"0","0","0","0","1","1","1","0","1","0",20000
1409,-0.236661734109173,0.598852577032221,-0.53618455257566,"0","0","0","0","1","1","1","1","1","0",12000
1772,-0.45149404152404,0.598852577032221,-0.332778324028463,"0","0","0","0","1","1","1","0","1","0",9000
1474,0.877440457301447,-0.265644694677888,0.534252396003145,"0","1","0","0","1","1","1","0","0","0",30000
2186,-0.593706977418389,0.127308610644889,-0.755098560908051,"0","0","1","0","1","1","1","0","0","0",5500
868,-0.111998479665616,-0.815779322129776,-0.452767991701288,"0","0","0","1","1","1","0","0","1","0",6646.56
1654,0.765485592873981,2.01348447619422,-0.720010430728937,"0","0","0","0","1","1","1","0","1","0",67000
1488,-0.612466981727856,-1.44450461064622,-0.443884808211948,"0","0","1","1","1","1","0","1","1","0",15000
1834,-0.635463116042687,0.598852577032221,-0.515110333486836,"0","0","1","1","1","1","1","1","0","0",20000
562,-0.428497907209209,-0.658598000000665,-0.462238052177912,"1","0","1","0","1","1","1","0","0","0",22227.79
17,0.242626117926249,0.598852577032221,0.14798063346368,"0","0","0","1","1","1","1","1","0","1",10000
1582,-0.6372786003307,0.598852577032221,-0.323601702045481,"0","0","0","0","1","1","1","0","0","0",14500
493,0.05139510625555,-1.28732328851711,-0.88417592980821,"1","0","1","0","1","1","0","0","0","0",5000
1541,-0.495065664436351,0.127308610644889,0.400871262529573,"0","0","1","1","0","1","1","0","0","0",7500
1062,-0.286890132744198,-0.344235355742444,-0.706192145301075,"0","0","1","0","1","1","1","0","0","0",13000
448,-0.362535311411405,-0.658598000000665,-0.879534266363329,"1","0","1","0","1","1","0","0","0","0",3500
585,-0.515035991604494,-0.265644694677888,-0.256110848507853,"1","0","1","0","1","1","0","0","0","0",16250
527,-0.27357658129877,1.07039654341955,-0.532796671785431,"0","0","0","0","1","1","1","0","1","0",8827
2097,0.441724228178337,-0.344235355742444,0.220059797992799,"0","0","0","0","1","1","1","0","0","0",75000
2252,-0.46178178582278,-0.0691680420165,-0.56838275819618,"0","0","0","0","1","1","1","0","0","0",18000
1263,1.16368181337816,0.559557246499943,-0.532796671785431,"0","0","0","0","1","1","1","0","1","0",20000
563,-0.442416620083975,-0.815779322129776,0.161192479338016,"0","0","0","0","1","1","0","0","0","0",35000
704,-0.741366366176776,-1.44450461064622,-0.568409434422875,"0","0","0","1","0","1","1","0","1","0",7000
2112,-0.622754726026596,-0.737188661065221,-0.44135056667595,"0","0","0","0","1","1","1","0","0","0",9500
1479,-0.516246314463169,0.127308610644889,-0.761918782866333,"0","0","1","0","1","1","0","0","0","0",8000
959,0.276515157969157,-0.855074652662054,-0.577239265458826,"0","0","1","0","1","1","0","0","0","0",3622.5
278,4.29781285591786,3.89966034174355,-0.469997023256546,"0","0","0","0","1","1","1","0","0","0",27000
2239,-0.464807592969468,-0.776483991597498,-0.212681951448858,"0","0","0","0","1","1","0","0","0","0",5000
2143,0.248072570790287,0.598852577032221,-0.139162270678226,"0","1","0","0","1","1","1","0","0","0",18000
469,-0.660274734645531,0.127308610644889,-0.82623516542729,"0","0","1","0","1","1","1","0","0","0",5000
1390,-0.367376602846106,0.205899271709444,0.12743993890875,"0","0","1","0","1","1","1","1","1","0",19000
121,0.211157723600691,-0.344235355742444,-0.637634242695659,"1","0","1","0","1","1","0","0","0","1",12500
1684,2.62938279523395,-3.72363378151833,-0.0510649212264876,"0","0","1","0","1","1","1","0","1","0",60000
651,0.214183530747379,1.54194050980689,-0.0432345594840325,"0","0","0","0","1","1","1","0","0","0",10382
1460,0.57243909691527,0.598852577032221,0.5698118061872,"0","0","0","0","1","1","1","0","1","0",10000
1113,-0.187643658332823,-0.344235355742444,1.59500587429177,"1","1","0","1","1","1","0","1","0","0",50000
597,-0.525928897332571,-0.658598000000665,1.36172227184649,"1","0","0","0","1","1","0","0","0","0",70000
1197,-0.724421846155322,0.598852577032221,-0.132653271364715,"0","0","1","0","1","1","1","0","0","0",7000
1267,-0.718975393291283,1.46334984874233,-0.266034404838287,"0","0","1","0","1","1","1","0","1","0",8000
410,-0.655433443210829,-1.75886725490444,-0.741084649817761,"1","0","1","0","1","1","0","0","1","0",20000
821,-0.613677304586531,-0.815779322129776,-0.522259562241019,"0","0","1","0","1","1","0","0","1","0",50000
2007,-0.367376602846106,-1.52309527171077,-0.689226065123237,"0","0","0","1","0","1","0","0","0","0",10000
553,-0.642119891765401,0.127308610644889,1.60130146379172,"0","0","1","0","1","1","1","0","1","0",42000
1370,-0.369797248563457,-0.58000733893611,-0.304143300116451,"0","0","0","1","1","1","1","1","1","0",12000
2032,-0.548925031647402,0.127308610644889,1.06777692989743,"0","0","1","0","1","1","1","0","1","0",300000
578,1.54190770671419,0.284489932773999,-0.264620564823467,"0","0","1","1","1","1","1","0","0","0",34000
334,-0.100500412508201,2.01348447619422,-0.824074391065018,"1","0","0","0","1","1","0","0","0","0",6000
589,-0.0430100767211239,-0.265644694677888,-0.208893927258209,"0","0","0","0","1","1","1","1","0","0",27000
932,-0.46964888440417,-1.05155130532344,0.0896486177579049,"0","0","0","1","0","1","0","0","0","0",26542.33
19,-0.740156043318101,0.127308610644889,0.0164935120854332,"0","0","1","0","1","1","1","1","1","1",30000
907,0.483480366802635,0.598852577032221,1.6937612655156,"0","0","0","1","0","1","1","0","1","0",45000
1491,-0.666931510368245,0.598852577032221,0.267490129056001,"0","0","0","0","1","1","1","0","0","0",2000
1139,-0.408527580041067,0.284489932773999,-0.0961601932463459,"0","0","1","0","1","0","1","1","0","0",18500
1014,-0.465412754398806,0.127308610644889,0.233397911340156,"0","0","1","0","1","1","1","0","1","0",10000
286,6.30271267131351,0.127308610644889,-0.549549342149712,"0","0","0","1","1","1","1","1","1","0",78000
418,-0.757100563339555,-0.815779322129776,-0.890258109494605,"1","0","0","0","1","1","0","0","0","0",4500
1661,1.06261985467877,-0.265644694677888,-0.203078509838761,"1","0","1","0","1","1","0","0","0","0",20000
261,1.92013360005022,0.127308610644889,0.0451704557822512,"0","0","0","0","1","1","1","0","1","0",23000
419,0.414491963858142,0.598852577032221,1.6982962240537,"0","0","0","1","1","1","1","1","1","0",190000
731,1.37548831364634,0.598852577032221,-0.532796671785431,"0","0","0","0","1","1","1","0","0","0",27500
1108,-0.42063080862782,-1.44450461064622,-0.444765123692874,"0","0","0","0","1","1","1","0","0","0",15000
657,-0.577367618826272,0.127308610644889,0.712076123150111,"0","1","0","0","1","1","1","0","0","0",14000
635,0.0961770520265364,0.323785263306277,-0.283694066910188,"1","1","0","0","1","1","0","0","0","0",39143.9
1061,0.108885442042627,-1.44450461064622,-0.354972944638465,"0","0","1","0","1","1","1","0","1","0",11000
452,-0.507168893023104,-0.265644694677888,0.000727862108856885,"0","0","1","0","1","1","0","0","1","0",27250
1653,-0.484777920137611,1.07039654341955,0.801014662950289,"0","0","0","1","0","1","1","0","1","0",11000
2215,3.47660879630667,-0.344235355742444,1.77915186716538,"0","0","0","1","1","1","1","1","1","0",80000
393,-0.616097950303882,2.56361910364611,-0.41848904039858,"0","0","0","0","1","1","1","0","1","0",16500
738,1.79789099132402,-0.658598000000665,-0.621735211585609,"0","0","1","0","1","1","0","0","1","0",11666.67
807,-0.607625690293155,-1.24802795798483,-0.742338432472413,"1","0","1","0","1","1","0","0","1","0",14000
1107,0.972450801707459,-0.658598000000665,0.197865177382796,"1","0","1","0","1","1","1","0","0","0",38000
1330,-0.683876030389699,0.127308610644889,-0.0259483645858575,"0","0","0","1","1","1","1","1","1","0",11000
1484,-0.602179237429116,2.01348447619422,-0.391999547290729,"0","0","0","0","1","1","1","0","0","0",10000
451,-0.625780533173284,0.363080593838555,-0.576519007338068,"0","0","1","0","1","1","1","0","1","0",8500
2164,-0.243318509831887,2.56361910364611,-0.589960014702677,"0","0","0","0","1","1","1","0","0","0",1500
22,-0.314122397064393,-1.05155130532344,-0.399415538311859,"0","0","0","1","0","1","0","0","1","1",12000
1936,-0.714134101856582,-0.815779322129776,-0.29004300886353,"0","0","0","0","1","1","1","0","1","0",13500
161,-0.567079874527532,-0.815779322129776,-0.815057826442205,"0","0","1","0","1","1","0","0","1","1",5800
2145,-0.611861820298518,0.127308610644889,0.454223715919002,"0","1","0","1","0","1","1","0","1","0",75000
1278,-0.219112052658381,1.46334984874233,-0.461660067266193,"0","0","0","1","1","1","1","0","0","0",9820
936,-0.761941854774256,-0.560359673669971,0.593500295492106,"0","1","0","0","1","1","0","0","0","0",10000
1836,-0.0145674895422541,-0.344235355742444,-0.566088602700435,"1","0","0","0","1","1","0","0","0","0",10500
86,-0.485383081566949,-1.32661861904939,-0.574224851842323,"0","0","0","0","1","1","0","0","1","1",11000
1319,-0.132573968263097,-0.737188661065221,-0.0663183876505253,"0","0","0","0","1","1","1","0","1","0",15000
181,-0.0617700810305912,-0.58000733893611,-0.599487238522217,"0","0","1","1","0","1","1","0","1","1",12500
2209,3.63879205936916,1.07039654341955,-0.788443844276444,"0","0","0","0","1","1","0","1","0","0",35000
2233,-0.336513369949886,0.598852577032221,0.178578265482518,"0","0","0","0","1","1","1","0","1","0",19000
1121,0.0162957433539661,-0.344235355742444,-0.527274692859626,"0","0","0","0","1","1","0","0","0","0",9000
2099,-0.321989495645782,-0.344235355742444,-0.735722728252124,"0","0","1","0","1","1","1","0","0","0",8700
1740,1.04325468893996,-1.24802795798483,0.583603415388367,"0","0","0","0","1","1","1","0","0","0",95000
307,-0.295967554184263,-0.815779322129776,-0.775931423660114,"0","0","1","0","1","1","1","0","0","0",22000
1863,-0.685086353248374,0.363080593838555,-0.443875916136383,"0","0","0","0","1","1","1","0","0","0",16000
561,2.43391565355789,-0.108463372548778,-0.755116345059181,"0","0","1","0","1","1","1","0","0","0",24000
1103,3.78463596383953,0.598852577032221,-0.266034404838287,"0","0","0","0","1","1","1","0","1","0",23000
2111,-0.393398544307625,0.598852577032221,-0.532796671785431,"0","0","0","0","1","1","1","0","1","0",13000
1329,0.597250715518113,-0.815779322129776,-0.473548772296471,"1","0","0","0","1","1","0","0","0","0",5000
167,-0.0998952510788634,-0.658598000000665,0.712093907301241,"0","1","0","0","1","1","1","0","1","1",36000
1363,-0.574946973108921,-0.815779322129776,-0.655934134208233,"0","0","0","0","1","1","0","0","0","0",6500
864,-0.0666113724652924,1.07039654341955,-0.177113649189239,"0","0","1","0","1","1","1","0","1","0",17000
1362,-0.515035991604494,-0.815779322129776,-0.680929758621181,"0","0","1","0","1","1","0","0","0","0",13000
922,-0.666931510368245,-0.187054033613333,0.712076123150111,"0","0","1","0","1","1","1","0","1","0",75000
1272,-0.468438561545494,0.127308610644889,-0.569076340090243,"0","0","1","0","1","1","0","0","0","0",32000
2043,-0.504748247305754,0.127308610644889,-0.464585560127047,"1","0","0","0","1","1","0","0","0","0",9000
567,-0.487198565854962,-0.815779322129776,-0.508708039080104,"1","0","1","0","1","1","0","0","0","0",15500
1593,-0.708687648992543,0.598852577032221,0.934395796423861,"0","0","1","0","1","1","1","0","1","0",15000
1459,1.3186031392886,0.913215221290442,-0.870704435327379,"0","0","0","0","1","1","1","0","1","0",7500
902,0.299511292283988,-0.894369983194332,-0.132653271364715,"0","0","0","1","1","1","0","1","0","0",20000
941,-0.369797248563457,0.127308610644889,0.667633529476717,"0","1","1","0","1","1","1","0","1","0",14000
72,2.5979144009084,-0.855074652662054,-0.439269820993763,"0","0","0","0","1","1","0","0","0","1",28500
132,-0.317148204211081,0.598852577032221,-0.399415538311859,"0","0","0","0","1","1","1","0","1","1",15000
406,-0.0387739467157603,-0.58000733893611,-0.533703663493052,"0","0","1","0","1","1","0","0","1","0",18000
2220,-0.773439921931672,-0.855074652662054,0.510510554244849,"1","0","0","0","1","1","0","0","0","0",18000
1336,1.76884324271581,0.363080593838555,-0.369991660267589,"1","0","0","0","1","1","0","0","0","0",15000
1658,0.0834686620104457,0.127308610644889,0.144779486260315,"0","0","1","1","1","1","0","1","1","0",40000
2048,-0.658459250357518,-1.75886725490444,-0.799558938732576,"0","0","0","0","1","1","0","0","0","0",7000
760,-0.736525074742075,1.77771249300055,-0.601648012884489,"1","0","0","0","1","1","0","0","0","0",5000
437,-0.0551133053078769,0.598852577032221,-0.434654833775577,"0","0","0","0","1","1","1","1","0","0",12000
2200,-0.587050201695674,0.127308610644889,2.14282886569442,"0","0","0","1","1","1","1","1","1","0",35000
865,-0.568895358815545,1.07039654341955,-0.177113649189239,"0","1","0","0","1","1","1","0","0","0",17500
2053,-0.238477218397186,1.07039654341955,-0.304143300116451,"0","0","0","0","1","1","1","1","1","0",17000
2211,-1.84033952185395,-0.344235355742444,-0.456578881229104,"0","0","0","0","1","1","1","0","0","0",15000
1241,0.206921593595327,0.598852577032221,0.801014662950289,"0","0","0","0","1","1","1","0","1","0",50000
1245,-0.261473352712017,-1.44450461064622,-0.603942168380235,"0","0","1","1","0","1","0","1","0","0",17000
1628,1.41240316083593,-0.0298727114842223,-0.312896532272892,"0","0","0","0","1","1","1","1","1","0",70000
1351,0.314640328017429,0.598852577032221,-0.221591811164893,"0","0","0","0","1","1","1","0","1","0",7000
913,0.329164202321533,0.127308610644889,0.267490129056001,"0","0","0","1","1","1","1","1","1","0",15000
243,-0.75831088619823,-0.855074652662054,-0.601648012884489,"1","0","0","0","1","1","0","0","0","0",10000
1058,-0.32259465707512,-0.344235355742444,-0.532796671785431,"0","0","0","0","1","1","1","0","0","0",10000
1264,0.91011917448568,0.127308610644889,-0.600889645868454,"0","0","0","1","0","1","1","0","1","0",6500
1440,-0.567685035956869,1.07039654341955,-0.0882106776913209,"0","0","0","0","1","1","1","0","0","0",16000
229,-0.669957317514933,0.127308610644889,-0.327770815188912,"0","0","0","0","1","1","1","0","0","1",7000
55,-0.430313391497222,-1.05155130532344,1.68133014387586,"0","0","1","0","1","1","1","0","1","1",8000
1945,-0.519877283039195,-0.344235355742444,-0.727933270057267,"1","0","1","0","1","1","1","0","0","0",8000
1111,1.88563939857798,1.85630315406511,-0.399415538311859,"0","0","0","0","1","1","1","0","1","0",8000
1034,-0.586445040266337,0.598852577032221,-0.151726773451436,"0","0","1","0","1","1","1","0","1","0",40000
516,-0.499906955871052,1.07039654341955,-0.524206926789733,"0","0","1","1","1","1","1","1","1","0",21000
1716,-0.731683783307374,0.520261915967665,0.223029751231477,"0","0","1","0","1","1","1","0","1","0",28000.18
906,0.898621107328265,0.598852577032221,1.6937612655156,"0","0","0","1","0","1","1","0","1","0",46000
1882,-0.436970167219936,-0.855074652662054,0.358856205485398,"0","0","1","1","0","1","1","0","1","0",22250
2067,0.338241623761598,-1.05155130532344,3.02591867419625,"0","0","1","1","1","1","0","1","0","0",175000
223,-0.6372786003307,-0.265644694677888,0.712093907301241,"0","1","1","0","1","1","1","0","1","1",45000
69,-0.578577941684947,0.127308610644889,3.05470232279985,"0","0","1","1","0","1","1","0","1","1",6000
1502,-0.760126370486243,0.127308610644889,-0.799558938732576,"0","0","0","0","1","1","1","0","0","0",3625
2142,-0.535006318772636,0.127308610644889,-0.497210585374682,"0","0","0","0","1","1","1","0","0","0",13000
1824,-0.526534058761909,-0.344235355742444,-0.584015027039283,"0","0","0","0","1","1","1","0","1","0",12000
1881,1.04567533465731,-0.344235355742444,-0.198116731673544,"0","0","1","0","1","1","1","0","0","0",17000
315,0.252913862224989,-0.658598000000665,-0.575718720537227,"0","0","0","1","0","1","1","0","1","0",20000
1018,-0.645145698912089,-1.44450461064622,-0.177113649189239,"0","0","1","0","1","0","0","0","0","0",6000
453,-0.419420485769144,-1.44450461064622,-0.601648012884489,"1","0","1","0","1","1","1","0","0","0",10000
148,0.534313926866998,-0.344235355742444,0.502240923969488,"0","0","1","1","1","1","1","1","1","1",60000
1066,-0.436970167219936,-0.265644694677888,0.400871262529573,"0","0","0","0","1","1","1","1","1","0",32000
374,-0.625175371743947,-0.658598000000665,-0.443875916136383,"0","0","1","0","1","1","1","0","0","0",15000
2288,-0.777070890507698,-0.187054033613333,-0.778618100777225,"0","0","0","0","1","1","1","0","1","0",10000
663,-0.536216641631312,-1.75886725490444,-0.695521654623189,"0","0","0","1","0","1","1","0","0","0",7000
1298,1.35612314790753,0.127308610644889,2.0969991082329,"0","0","1","1","1","1","1","1","0","0",100000
951,-0.669352156085595,-0.658598000000665,0.299234838822711,"0","1","1","0","1","1","1","0","0","0",14000
1482,-0.756495401910217,2.01348447619422,-0.573798032215207,"0","0","0","0","1","1","1","0","0","0",8000
1822,-0.36374563427008,0.127308610644889,0.756545393050201,"0","0","0","0","1","1","1","0","1","0",17000
2163,-0.747417980470153,-1.75886725490444,-0.787527960493259,"1","0","1","0","1","1","0","0","1","0",6000
1171,-0.494460503007013,-0.0298727114842223,-0.426091765006574,"0","0","1","0","1","1","1","0","1","0",15000
1176,-0.708687648992543,-0.815779322129776,-0.591930752707161,"0","0","1","0","1","0","0","0","0","0",15000
655,-0.082950731057409,-1.24802795798483,-0.119421862924137,"1","0","1","0","1","1","0","0","0","0",12000
1072,-0.385531445726236,-0.815779322129776,-0.469040489985064,"1","1","1","0","1","1","1","0","1","0",20000
378,-0.616097950303882,-0.344235355742444,-0.710638183083527,"0","0","1","0","1","1","1","0","0","0",4000
466,0.254729346513002,0.598852577032221,-0.515030304806752,"0","0","0","0","1","1","1","1","1","0",10000
1229,-0.471464368692183,0.598852577032221,-0.303381122210887,"0","0","0","0","1","1","1","1","0","0",16500
1408,0.829632704383772,0.127308610644889,0.267490129056001,"0","0","0","1","1","1","1","1","1","0",50000
1574,-0.722606361867309,-1.44450461064622,-0.221565134938198,"0","0","0","1","0","1","0","0","1","0",20000
1840,-0.527744381620584,2.56361910364611,-0.494687776507268,"0","0","0","0","1","1","1","0","0","0",5000
763,2.54526535655602,0.598852577032221,-0.464185416726626,"1","0","0","0","1","1","0","0","0","0",7500
1537,2.41515564924842,0.363080593838555,-0.278404552245579,"0","0","0","1","1","1","1","1","0","0",16380
237,-0.459361140105429,0.363080593838555,0.163906340800425,"0","0","1","1","1","1","1","1","1","0",15000
2273,-0.654828281781492,-1.44450461064622,-0.731747970474611,"1","0","1","0","1","1","0","0","0","0",7500
1546,-0.308070782771016,4.37120430813088,-0.626163465216932,"0","0","0","0","1","1","1","0","1","0",9000
991,-0.764967661920945,-0.344235355742444,2.93511279852744,"0","0","1","0","1","1","1","0","1","0",50000
854,1.18667794769299,0.363080593838555,0.267490129056001,"0","0","0","0","1","1","1","0","0","0",12500
541,-0.736525074742075,-0.187054033613333,-0.621708535358915,"0","0","1","0","1","1","1","0","0","0",6000
985,-0.0950539596441621,1.07039654341955,-0.546508252306515,"1","1","0","0","1","1","0","0","0","0",38000
1344,-0.734104429024724,-0.108463372548778,-0.815431293615931,"1","0","0","0","1","1","0","0","0","0",5000
489,-0.651197313205466,0.127308610644889,0.534252396003145,"0","0","0","1","0","1","1","0","1","0",10000
1672,-0.555581807370116,0.127308610644889,0.667633529476717,"0","0","0","0","1","1","1","0","1","0",13000
2149,0.203895786448639,-1.05155130532344,-0.576385626204595,"0","0","0","1","1","1","0","1","1","0",20000
1917,-0.562238583092831,1.07039654341955,-0.501692191459394,"0","0","1","0","1","1","1","0","1","0",11000
1327,0.7915075343355,-0.265644694677888,0.08963972568234,"0","0","0","0","1","1","1","0","0","0",50000
1358,0.560941029757854,0.127308610644889,0.434643365525081,"0","0","0","0","1","1","1","0","1","0",75000
1305,-0.409132741470404,1.12868461704243,-0.272410023018324,"0","0","0","1","1","1","1","0","1","0",45000
590,-0.488408888713637,1.46334984874233,-0.142203360521423,"0","0","1","0","1","1","1","1","1","0",6000
1205,-0.645145698912089,-1.05155130532344,-0.136974820089259,"1","0","1","0","1","1","0","0","0","0",4000
1059,-0.480541790132247,1.07039654341955,-0.532796671785431,"0","0","0","0","1","1","1","0","1","0",12000
1794,0.199659656443275,0.598852577032221,0.534252396003145,"0","0","0","0","1","1","1","0","1","0",21500
258,-0.665116026080232,-0.815779322129776,0.34799364597531,"0","0","1","1","0","1","1","0","1","0",13000
2170,-0.436365005790599,1.07039654341955,0.000727862108856885,"0","0","0","0","1","1","1","0","0","0",17000
762,0.00600799905522605,-1.05155130532344,2.8177374010707,"0","0","0","0","1","1","1","0","0","0",40000
1692,0.482875205373297,0.166603941177166,0.153163443221511,"0","0","0","0","1","1","1","0","1","0",25000
1515,-0.672983124661621,-0.658598000000665,1.77736455997684,"0","0","0","0","1","1","0","0","1","0",70000
2052,-0.764967661920945,-0.462121347339277,-0.177113649189239,"0","0","0","0","1","1","1","0","0","0",30000
2001,6.39288172428482,0.127308610644889,-0.266034404838287,"0","0","0","0","1","1","1","1","0","0",110000
773,0.0931512448798482,0.598852577032221,-0.499984912950933,"1","0","0","0","1","1","0","0","0","0",13500
238,-0.683876030389699,0.127308610644889,0.400871262529573,"0","1","0","0","1","1","1","0","1","0",4000
390,-0.589470847413025,0.598852577032221,0.134108995582429,"0","0","0","0","1","1","1","0","1","0",13000
1947,-0.591891493130376,0.127308610644889,-0.354955160487335,"0","0","0","0","1","1","1","0","0","0",7000
1045,0.577885549779309,-0.187054033613333,-0.710003034828891,"0","0","0","0","1","1","1","1","1","0",12500
2226,-0.408527580041067,1.07039654341955,-0.799558938732576,"0","0","0","0","1","1","1","0","0","0",5000
70,0.988790160299576,-0.344235355742444,-0.177122541264804,"0","0","1","1","0","1","0","0","1","1",20000
1839,-0.227584312669108,-0.658598000000665,0.623164259576628,"0","0","0","0","1","1","0","0","0","0",25101.61
1522,-0.446047588660001,0.598852577032221,0.267490129056001,"0","0","1","0","1","1","1","0","1","0",4000
775,-0.416999840051794,0.127308610644889,-0.678768984258909,"1","0","0","0","1","1","0","0","0","0",9000
1568,-0.125917192540382,-0.658598000000665,-0.532796671785431,"0","0","0","1","1","1","0","1","1","0",10000
1080,-0.475700498697546,2.01348447619422,-0.699256326360449,"1","0","0","0","1","1","0","0","0","0",4000
225,-0.483567597278936,0.363080593838555,-0.319386858227716,"0","0","0","0","1","1","1","0","0","1",9500
369,-0.698399904693803,1.07039654341955,0.756545393050201,"0","0","0","0","1","1","1","0","0","0",40000
159,-0.781912181942399,-1.05155130532344,-0.372392520670114,"1","0","1","0","1","1","0","0","0","1",10000
326,1.57337610103975,1.07039654341955,-0.0659627046279292,"0","0","0","0","1","1","1","0","1","0",25000
1235,-0.734709590454062,1.07039654341955,-0.266034404838287,"0","0","0","0","1","1","1","0","0","0",11000
1748,-0.00306942238483879,1.07039654341955,0.267490129056001,"0","0","0","0","1","1","1","0","0","0",8000
1070,-0.185223012615472,-0.265644694677888,0.889935418599337,"0","0","1","1","1","1","1","1","0","0",50000
63,-0.574341811679584,0.127308610644889,1.23850478074361,"0","0","1","0","1","1","1","0","0","1",75000
1402,-0.61912375745057,0.127308610644889,-0.212681951448858,"0","0","0","1","1","1","1","1","0","0",9000
1681,1.36701605363561,0.598852577032221,-0.661589494267513,"0","0","0","0","1","1","1","0","0","0",15000
681,0.0465538148208488,-0.658598000000665,0.347518809140144,"0","0","0","1","1","1","0","0","0","0",24000
1792,1.45900059089493,-0.815779322129776,-0.65998892066583,"0","0","0","1","1","1","0","1","1","0",23000
740,-0.655433443210829,-0.815779322129776,-0.410086028989745,"0","0","0","0","1","1","0","0","0","0",20000
1527,-0.720185716149958,0.127308610644889,-0.372739311617145,"0","0","1","0","1","1","1","0","1","0",11000
526,-0.657248927498842,-1.75886725490444,-0.89956811261106,"1","0","1","0","1","1","0","0","0","0",5000
2287,-0.188853981191498,-0.344235355742444,-0.340114286369509,"0","0","0","0","1","1","1","0","1","0",11000
138,-0.477515982985559,-0.658598000000665,0.160785222277143,"0","1","1","0","1","1","1","0","0","1",37000
611,-0.547109547359389,0.127308610644889,0.0338864118903869,"0","0","0","1","0","1","1","0","1","0",25000
1683,-0.45149404152404,-0.815779322129776,-0.367990943265486,"1","0","1","0","1","1","0","0","0","0",15000
1258,1.82754390136156,0.205899271709444,-0.0882106776913209,"0","0","0","0","1","1","1","0","0","0",20560.56
729,-0.691137967541751,0.127308610644889,0.000727862108856885,"0","0","0","1","0","1","1","0","1","0",7000
644,-0.262078514141355,0.127308610644889,-0.791088347549447,"0","0","0","0","1","1","1","0","1","0",45000
1757,-0.371007571422132,0.598852577032221,-0.266034404838287,"0","0","0","0","1","1","1","0","0","0",6000
717,-0.492645018719,0.127308610644889,1.60130146379172,"0","0","0","1","1","1","1","0","0","0",11000
1151,0.380602923815233,-1.05155130532344,-0.83279751719419,"1","0","1","0","1","1","0","0","0","0",6000
1976,-0.672983124661621,0.598852577032221,-0.304154732785034,"0","0","0","1","0","1","1","0","1","0",8000
556,2.21424205470832,1.54194050980689,1.30786297014986,"0","0","0","1","1","1","1","1","1","0",130000
1506,-0.5906811702717,-1.837457915969,0.0896486177579049,"0","0","0","1","0","1","1","0","1","0",22000
1407,1.97157232154392,0.598852577032221,-0.105977044670001,"0","0","0","0","1","1","1","0","0","0",13000
1795,0.0156905819246285,-0.344235355742444,0.142992179071769,"0","1","0","0","1","1","1","0","1","0",19980
1411,-0.636068277472024,-0.855074652662054,-0.716169054084898,"0","0","1","0","1","1","0","0","1","0",7000
1673,-0.705056680416517,-0.265644694677888,8.11979751400536,"0","0","0","1","1","1","1","1","0","0",50000
1495,-0.467833400116157,-0.658598000000665,-0.532796671785431,"0","0","0","0","1","0","1","0","0","0",9000
1155,2.14585881319317,-0.344235355742444,2.22374675333506,"0","0","1","0","1","1","1","0","1","0",50000
1752,1.43176832657474,0.127308610644889,1.3789995746691,"0","0","1","1","0","1","1","1","1","0",100000
870,-0.676614093237647,-2.54477386554999,-0.623895985947881,"0","0","1","0","1","1","0","1","1","0",4000
2148,-0.069032018182643,-0.344235355742444,-0.443884808211948,"0","0","1","0","1","1","1","0","0","0",13500
1670,-0.570710843103558,0.127308610644889,-0.505586920556823,"0","0","1","0","1","1","1","0","0","0",12000
1340,0.207526755024665,0.127308610644889,-0.323281587325144,"0","0","0","0","1","1","1","0","0","0",12000
843,0.0350557476634334,0.598852577032221,0.187461448971858,"0","0","0","0","1","1","1","0","0","0",7500
42,0.566387482621893,0.127308610644889,-0.0943462098311053,"0","0","0","0","1","1","1","0","0","1",11750
641,-0.116839771100318,0.598852577032221,-0.00994262856902888,"0","0","1","0","1","1","1","0","1","0",11000
152,-0.404896611465041,0.127308610644889,0.610622622140585,"0","0","0","0","1","1","1","0","1","1",23500
666,0.0816531777224327,0.127308610644889,-0.536611372202776,"0","0","0","1","0","1","1","0","0","0",10000
999,-0.682060546101686,-1.44450461064622,-0.372739311617145,"0","0","0","0","1","1","0","0","1","0",6500
368,-0.553766323082103,0.363080593838555,-0.799558938732576,"0","0","1","0","1","1","1","0","0","0",8000
301,-0.481146951561585,-0.658598000000665,-0.321867747310325,"0","0","1","1","0","1","1","0","1","0",15000
2081,-0.62941150174931,1.07039654341955,0.657549915786115,"0","0","1","0","1","1","1","0","1","0",15000
173,-0.587655363125012,-1.28732328851711,0.3371417569559,"0","0","0","0","1","1","1","0","1","1",33000
2041,-0.704451518987179,-0.815779322129776,-0.132653271364715,"0","0","1","0","1","1","0","0","1","0",6000
1231,-0.0926333139268114,0.363080593838555,2.25393534987791,"0","0","1","0","1","1","1","0","0","0",140000
60,0.321902265169481,2.01348447619422,0.335114363727102,"0","0","0","0","1","1","1","0","0","1",25000
201,0.332190009468221,-0.658598000000665,0.352987435612561,"1","0","0","0","1","1","0","0","0","1",28542
1414,-0.686901837536387,-0.187054033613333,-0.572811011827503,"0","0","1","0","1","1","0","0","0","0",5000
522,1.58184836105048,-0.187054033613333,-0.916907659962624,"0","0","0","0","1","1","0","0","0","0",12500
73,0.168191262117717,0.363080593838555,0.70476683703576,"1","0","0","1","1","1","0","0","0","1",43548.66
658,-0.487803727284299,1.54194050980689,-0.719183467701401,"0","0","0","0","1","1","1","0","0","0",5000
2069,-0.424261777203846,0.834624560225887,-0.004607383230086,"0","0","1","0","1","1","1","0","0","0",25000
1898,-0.658459250357518,0.991805882354998,-0.58614912517486,"0","0","0","1","1","1","1","1","0","0",5000
1128,-0.771019276214321,-0.815779322129776,-0.60668981972979,"1","0","0","0","1","1","0","0","0","0",8000
882,-0.197931402631563,-0.815779322129776,-0.539759166952752,"1","0","1","0","1","1","0","0","0","0",9500
490,-0.659064411786855,0.520261915967665,0.412380148903578,"0","0","0","0","1","1","1","0","1","0",9000
346,1.60242384964796,-0.187054033613333,0.41420937587693,"0","0","0","1","1","1","1","1","0","0",65000
2156,0.886517878741512,0.598852577032221,0.648479998709912,"0","0","0","0","1","1","1","0","1","0",8000
1889,0.140958997797523,-1.44450461064622,-0.399415538311859,"0","0","1","0","1","1","0","1","0","0",17500
345,0.766090754303319,-0.462121347339277,-0.372739311617145,"0","0","0","0","1","1","1","0","1","0",16500
2231,-0.507774054452442,-0.108463372548778,-0.0793008179752864,"0","0","0","0","1","1","1","0","0","0",17000
1311,-0.557397291658129,0.913215221290442,-0.287215328833891,"0","0","0","0","1","1","1","1","1","0",12000
136,-0.164042362588655,-0.344235355742444,-0.424864658578617,"0","0","1","1","1","1","0","1","1","1",15200
1116,-0.259052706994666,0.598852577032221,0.801014662950289,"0","0","1","1","1","1","1","1","1","0",125000
285,-0.67842957752566,-0.658598000000665,1.06777692989743,"0","0","0","0","1","1","0","0","0","0",32000
910,1.37427799078766,-3.01631783193733,1.27662510869035,"0","0","1","0","1","1","0","0","1","0",20000
120,0.0072183219139013,-1.05155130532344,-0.67775528764451,"1","0","0","0","1","1","0","0","0","1",6000
1566,-0.676008931808309,-0.737188661065221,-0.703871313578635,"1","0","0","0","1","1","0","0","0","0",4500
391,-0.628201178890635,0.363080593838555,-0.399415538311859,"0","0","0","0","1","1","1","0","0","0",3000
1295,0.212973207888704,-0.344235355742444,-0.526572218889998,"0","0","1","0","1","1","0","0","0","0",20000
498,0.0193215505006544,0.127308610644889,0.356410884705049,"0","0","1","0","1","1","1","0","0","0",7000
283,-0.714134101856582,0.127308610644889,-0.172240791779671,"0","0","1","1","0","1","1","0","1","0",15000
112,0.51555392255753,0.480966585435388,-0.0631001871515556,"0","0","0","1","1","1","1","1","1","1",26700
1486,-0.160411394012629,0.127308610644889,-0.328296717943751,"0","0","1","0","1","1","1","0","1","0",15000
1573,-0.279628195592146,-1.05155130532344,-0.657428002903137,"1","0","0","0","1","1","0","0","0","0",5000
1130,1.57458642389842,-1.28732328851711,0.000727862108856885,"0","1","0","0","1","1","0","0","1","0",9000
523,-0.749838626187503,1.54194050980689,0.045188239933381,"0","0","1","0","1","1","1","0","1","0",45000
869,-0.499301794441715,0.323785263306277,5.28326097710298,"0","1","0","0","1","1","1","0","0","0",50000
1979,-0.617308273162557,0.598852577032221,-0.423744257057439,"0","0","1","0","1","1","1","0","0","0",12500
1315,-0.315937881352406,1.07039654341955,-0.522126181107546,"0","0","0","0","1","1","1","0","0","0",8000
2178,0.0120596133486026,-0.344235355742444,-0.627577305231752,"0","0","0","0","1","0","0","0","0","0",15000
836,-0.218506891229043,-0.815779322129776,0.0706729285023981,"1","0","0","0","1","1","0","0","0","0",13000
388,-0.158595909724616,2.56361910364611,0.712076123150111,"0","0","0","0","1","1","1","0","1","0",10000
542,0.222655790758106,-0.815779322129776,0.889926526523773,"0","0","1","0","1","1","1","0","0","0",64000
686,-0.0448255610091368,0.127308610644889,-0.791182603550435,"1","0","0","0","1","1","0","0","0","0",35000
1042,1.52254254097539,0.127308610644889,1.94147670660272,"0","0","0","1","1","1","1","1","1","0",330000
2103,0.336426139473585,-0.815779322129776,-0.689908976526621,"0","0","0","0","1","1","0","0","1","0",4000
1496,-0.0363533009984097,1.07039654341955,-0.799558938732576,"0","0","0","0","1","1","1","0","0","0",5000
40,-0.397634674312989,-1.837457915969,-0.742578518512666,"1","0","1","0","1","1","0","0","0","1",11033
53,-0.619728918879908,-0.187054033613333,-0.354972944638465,"0","0","1","1","1","1","1","1","1","1",5000
833,-0.312912074205717,-0.658598000000665,0.0905467173899604,"1","0","1","0","1","1","0","0","1","0",46758
1983,-0.157990748295278,0.127308610644889,1.06777692989743,"0","1","0","0","1","1","1","0","0","0",30000
1476,-0.663300541792219,0.363080593838555,2.83067537101764,"0","0","1","0","1","1","1","0","1","0",11000
927,-0.64756634462944,-0.658598000000665,0.267490129056001,"0","0","1","1","1","1","1","1","1","0",9000
1576,-0.478121144414897,-0.658598000000665,-0.132653271364715,"0","0","1","0","1","1","1","0","0","0",3000
189,2.8599492998116,0.598852577032221,-0.0526245912805719,"0","0","1","1","1","1","1","1","1","1",25000
1203,0.164560293541691,-2.85913650980822,-0.740097629430057,"1","0","1","0","1","1","0","0","0","0",11395.99
923,0.419938416722181,-0.462121347339277,-0.266034404838287,"0","0","1","1","1","1","1","1","1","0",15000
989,0.175453199269769,-0.344235355742444,0.870479557263326,"0","0","0","1","1","1","1","0","1","0",50000
1373,2.401842097803,0.127308610644889,1.60130146379172,"0","0","0","1","1","1","1","1","1","0",25000
1481,0.0925460834505105,-0.462121347339277,-0.161514408055378,"0","0","1","0","1","1","1","1","1","0",23000
236,-0.746207657611477,0.913215221290442,0.0602958763181541,"0","0","1","1","0","1","1","0","1","0",9000
706,-0.654223120352154,-0.501416677871555,-0.696642056144367,"0","0","0","0","1","1","1","0","1","0",8500
743,0.186346104997847,2.01348447619422,-0.533783692173136,"1","0","0","0","1","1","0","0","0","0",7000
1558,-0.738945720459426,0.598852577032221,-0.0380250734995075,"0","0","1","1","0","1","1","0","1","0",12500
921,-0.616097950303882,0.598852577032221,0.472283521391324,"0","0","0","0","1","1","1","0","0","0",55000
1270,-0.527744381620584,0.598852577032221,2.0808866673093,"0","0","0","1","0","1","1","0","1","0",25000
1592,-0.187038496903485,-1.05155130532344,-0.342275060731781,"0","0","1","0","1","1","0","0","1","0",9250
703,0.48469068966131,0.598852577032221,-0.609037327678925,"0","0","0","0","1","1","1","0","0","0",14000
2144,-0.348011437107301,0.127308610644889,0.454223715919002,"0","1","1","1","0","1","1","0","1","0",75000
57,-0.539847610207337,0.520261915967665,0.267490129056001,"0","0","1","1","1","1","1","1","1","1",40000
577,-0.748628303328828,-2.70195518767911,-0.672019898905146,"1","0","1","0","1","1","1","0","1","0",8000
1711,-0.599758591711765,-1.44450461064622,-0.129505476614739,"1","0","1","0","1","1","0","0","0","0",18000
6,-0.64998699034679,0.127308610644889,0.0451971320089459,"0","0","1","1","1","1","1","1","0","1",13266
680,1.14976310050339,0.127308610644889,-0.605222627261581,"0","0","0","0","1","1","1","0","0","0",10000
646,3.02152740144475,0.598852577032221,0.4754313161413,"0","0","0","0","1","1","1","0","0","0",100221.32
610,-0.631226986037323,1.07039654341955,-0.508788067760188,"0","0","0","0","1","1","1","1","1","0",20000
434,-0.644540537482752,-0.658598000000665,-0.361161829231639,"0","0","0","1","1","1","1","0","0","0",11061.44
998,-0.407922418611729,0.0487179495803331,-0.132653271364715,"0","1","0","0","1","1","1","0","0","0",20000
521,-0.207613985500966,-1.05155130532344,-0.532796671785431,"0","0","0","1","0","1","0","0","0","0",10000
1022,-0.626385694602622,0.127308610644889,0.187461448971858,"0","0","1","0","1","1","1","0","0","0",7000
110,-0.686901837536387,1.07039654341955,-0.532796671785431,"0","0","0","0","1","1","1","0","0","1",9000
2115,0.437488098172973,-1.05155130532344,-0.362842431513406,"1","0","1","0","1","1","0","0","0","0",18000
144,0.952480474539316,-0.344235355742444,-0.654626999100192,"0","0","0","0","1","1","1","0","0","1",16000
755,-0.764967661920945,-0.344235355742444,-0.485846512802734,"1","0","0","0","1","1","0","0","0","0",7500
758,0.446565519613038,0.127308610644889,-0.532796671785431,"0","0","0","0","1","1","1","0","0","0",14000
1378,-0.285074648456185,0.0880132801126108,-0.304154732785034,"0","0","0","0","1","1","1","0","1","0",206737.24
1333,-0.744392173323464,-0.815779322129776,-0.787501284266565,"1","0","0","0","1","1","0","0","0","0",1500
1728,-0.705056680416517,1.07039654341955,-0.354955160487335,"0","0","1","0","1","1","0","0","0","0",9000
206,-0.648776667488115,1.07039654341955,1.44681943500263,"0","0","0","1","0","1","1","0","1","1",13000
2122,-0.71715990900327,2.01348447619422,-0.772882712037861,"0","0","0","0","1","1","0","0","1","0",6000
814,-0.676008931808309,-0.658598000000665,-0.799558938732576,"0","0","0","1","0","1","0","0","1","0",16000
198,0.176663522128444,-0.344235355742444,-0.666177805259003,"0","0","0","0","1","1","1","0","1","1",9000
213,-0.676614093237647,-0.933665313726609,-0.394558686638308,"0","0","1","0","1","1","1","0","1","1",12000
2222,-0.765572823350282,-0.953312978992748,-0.177122541264804,"0","0","0","0","1","1","1","0","1","0",23000
88,-0.0520874981611887,-1.28732328851711,-0.354972944638465,"0","0","0","1","1","1","0","1","0","1",23000
1282,-0.53137535019661,-0.187054033613333,-0.838746315747111,"0","0","0","0","1","1","0","0","1","0",6000
18,1.64054901969623,0.127308610644889,-0.0793008179752864,"0","0","1","0","1","1","1","0","1","1",46500
76,-0.574341811679584,1.07039654341955,0.362750934582826,"0","0","0","0","1","1","1","0","0","1",15000
157,-0.548319870218065,0.127308610644889,8.27035813747032,"0","0","0","0","1","1","1","0","0","1",11500
1357,0.226286759334132,-1.28732328851711,0.539587641342088,"0","0","0","1","1","1","1","1","1","0",50007.31
1157,0.00782348334323897,2.48502844258155,-0.694759476717626,"0","0","1","0","1","1","0","0","0","0",25000
501,-0.677219254666985,-0.658598000000665,-0.136948143862564,"1","0","0","0","1","1","0","0","0","0",19000
1530,0.134907383504146,-1.75886725490444,0.000727862108856885,"0","0","0","0","1","1","0","0","0","0",35000
1118,-0.669957317514933,-0.344235355742444,-0.633277125668856,"0","0","1","0","1","1","1","0","1","0",8000
587,0.632955239849035,-0.815779322129776,-0.260192311192145,"0","0","1","1","1","1","0","1","1","0",8500
1572,-0.232425604103809,-0.815779322129776,-0.780832227592886,"1","0","0","0","1","1","0","0","0","0",6000
1027,-0.711713456139231,0.127308610644889,-0.787501284266565,"1","0","0","0","1","1","0","0","0","0",5500
1796,-0.726237330443335,-0.658598000000665,0.267490129056001,"0","0","1","1","1","1","1","1","1","0",18000
2213,-0.119865578247006,0.127308610644889,-0.861341079757534,"1","0","0","0","1","1","0","0","0","0",4500
2114,-0.651802474634803,-1.44450461064622,0.0489584799729005,"0","0","1","1","1","1","0","0","0","0",30000
2009,-0.640909568906726,0.127308610644889,3.06849393200101,"0","0","1","1","0","1","1","0","0","0",10000
1747,-0.562843744522168,-1.05155130532344,-0.266061081064982,"0","0","0","0","1","1","1","0","1","0",12500
1310,-0.715344424715257,-0.658598000000665,-0.715128681243804,"1","0","0","0","1","1","0","0","0","0",5000
2068,2.2348175433058,-1.05155130532344,-0.871203661855523,"0","0","0","0","1","1","0","1","1","0",24375
1063,-0.579183103114285,0.127308610644889,0.267490129056001,"0","0","1","0","1","1","1","0","1","0",10000
1954,-0.501722440159065,-0.815779322129776,-0.621735211585609,"0","0","1","0","1","1","0","0","0","0",5000
1892,-0.72744765330201,0.598852577032221,-0.182457786603747,"0","0","0","0","1","1","1","0","1","0",10500
343,-0.517456637321844,1.07039654341955,0.116209247470276,"0","0","0","1","1","1","1","1","0","0",4500
1382,-0.551950838794091,0.598852577032221,1.60130146379172,"0","0","1","1","1","1","1","1","1","0",35000
1616,-0.653012797493479,-1.130141966388,-0.710647075159092,"1","0","1","0","1","1","0","0","0","0",10000
1618,-0.209429469788979,0.127308610644889,-0.342275060731781,"0","0","0","0","1","1","1","0","1","0",37000
920,-0.644540537482752,1.07039654341955,-0.399415538311859,"0","0","1","0","1","1","1","0","1","0",15000
2223,2.08655299311808,-0.344235355742444,-0.46290495784528,"0","0","0","1","1","1","1","1","0","0",43358
1586,-0.709897971851218,-0.344235355742444,-0.354955160487335,"0","0","0","1","1","1","1","1","1","0",10200
2,-0.544688901642039,0.127308610644889,-0.304154732785034,"0","0","1","0","1","1","1","0","1","1",12999.14
1492,1.42813735799871,-0.265644694677888,-0.177122541264804,"0","0","0","0","1","1","1","0","0","0",20000
908,-0.430313391497222,0.127308610644889,0.000727862108856885,"0","0","0","0","1","1","1","0","0","0",30000
874,1.79062905417197,-0.265644694677888,0.801014662950289,"0","1","0","1","1","1","1","0","1","0",90000
1984,-0.744392173323464,-1.28732328851711,-0.0766331953058149,"0","0","0","1","0","1","0","0","1","0",5000
1956,-0.69900506612314,-3.13420382353416,-0.62819085844573,"0","0","1","0","1","1","0","0","0","0",9500
1540,1.02691533034785,1.07039654341955,1.38941219515561,"0","0","0","1","1","1","1","1","1","0",14000
386,1.7815516327319,0.598852577032221,2.25566930461307,"0","0","1","0","1","1","1","0","0","0",40000
2136,-0.687506998965725,0.323785263306277,0.161478804171206,"0","0","1","1","1","1","1","1","1","0",3000
683,-0.625175371743947,-0.344235355742444,-0.263019991221785,"0","0","0","1","1","1","0","1","1","0",17730.65
550,0.878650780160122,2.01348447619422,0.134108995582429,"0","0","0","0","1","1","1","0","1","0",17500
449,-0.460571462964105,-0.462121347339277,0.712093907301241,"0","1","1","0","1","1","1","0","0","0",18128
643,0.280146126545183,-1.44450461064622,-0.543467162463317,"0","0","0","0","1","0","0","0","0","0",24000
1008,-0.533190834484623,-0.462121347339277,0.0496520618669631,"0","0","1","0","1","1","1","1","1","0",8000
398,0.671685571326645,-0.344235355742444,0.123411828677849,"0","0","0","1","0","1","1","0","1","0",42500
2087,-0.670562478944271,-0.344235355742444,-0.52967555326215,"0","0","0","1","1","1","1","1","1","0",9150
1224,-0.574946973108921,-0.815779322129776,-0.648117999786682,"1","0","1","0","1","1","0","0","0","0",13000
25,-0.287495294173536,-1.05155130532344,-0.62349584254746,"0","0","0","0","1","1","0","0","1","1",10000
2086,-0.547109547359389,0.127308610644889,-0.666177805259003,"0","0","1","0","1","1","1","0","0","0",15000
1186,-0.520482444468533,-1.05155130532344,-0.621717427434479,"0","0","0","0","1","1","1","0","0","0",5000
1302,-0.565869551668857,0.598852577032221,1.06777692989743,"0","0","0","0","1","1","1","0","1","0",24200
2269,-0.751048949046178,2.01348447619422,-0.481471611624801,"0","0","0","0","1","1","1","0","1","0",9500
153,4.73110843932362,0.127308610644889,0.0167335981256855,"0","0","0","0","1","1","1","0","0","1",15000
1514,-0.778281213366373,0.127308610644889,-0.399415538311859,"0","0","1","0","1","1","1","0","0","0",10000
329,-0.516246314463169,0.127308610644889,-0.843281274285212,"0","0","0","0","1","1","1","0","1","0",7000
1201,-0.0133571666835789,2.01348447619422,-0.442444291970434,"0","0","0","0","1","1","1","1","1","0",24615.33
58,-0.53137535019661,0.127308610644889,-0.799558938732576,"0","0","0","0","1","1","1","0","1","1",6500
822,-0.4412062972253,0.127308610644889,0.000727862108856885,"0","0","0","0","1","1","1","0","1","0",12000
1539,1.21633085773053,-0.265644694677888,-0.372739311617145,"0","0","1","1","1","1","1","1","1","0",10000
1693,1.2205669877359,-0.344235355742444,-0.609014462341758,"0","0","0","0","1","1","0","0","1","0",10000
720,2.38187177063485,0.598852577032221,0.526842333032391,"0","0","1","1","1","1","1","1","0","0",82000
430,-0.683270868960361,0.598852577032221,1.12102267838008,"0","0","0","1","1","1","1","1","1","0",10400
1625,-0.574946973108921,2.44573311204927,-0.34424910150719,"0","0","1","0","1","1","1","0","0","0",15250
803,-0.698399904693803,0.520261915967665,1.05299830030856,"0","0","1","0","1","1","0","0","1","0",70000
246,-0.441811458654638,0.127308610644889,-0.265559568003121,"0","0","1","0","1","1","1","0","0","0",20000
543,-0.698399904693803,-0.972960644258887,-0.411659926364733,"1","0","1","0","1","1","1","0","0","0",18000
915,-0.249370124125264,-0.187054033613333,-0.311277285312523,"1","0","0","0","1","1","0","0","0","0",8000
1065,-0.513825668745818,-0.462121347339277,-0.577257049609955,"0","0","1","0","1","1","1","0","1","0",15000
394,-0.196721079772888,-0.815779322129776,-0.479444218396003,"0","0","1","0","1","1","1","0","0","0",5000
1701,-0.512615345887143,0.363080593838555,-0.641528971793087,"0","0","0","0","1","1","1","1","1","0",15500
125,0.188766750715197,0.127308610644889,-0.488354078112037,"0","0","0","0","1","1","1","0","0","1",14941
1890,-0.775255406219685,-1.05155130532344,-0.443884808211948,"0","0","0","1","1","1","0","1","0","0",10000
961,-0.100500412508201,-0.658598000000665,-0.399415538311859,"0","1","1","0","1","1","0","0","0","0",18050
1089,-0.371007571422132,-0.815779322129776,-0.218906404344292,"0","0","0","0","1","1","1","0","0","0",23000
1588,-0.268130128434731,0.598852577032221,-0.401309550407184,"0","0","0","1","1","1","1","1","1","0",23000
1648,2.89323317842517,-0.658598000000665,-0.776403973961563,"0","0","0","0","1","1","1","0","1","0",50000
558,-0.541057933066013,-0.344235355742444,-0.22191192588523,"0","0","1","0","1","1","1","0","0","0",7600
1981,-0.708082487563205,-1.05155130532344,1.36583041075748,"0","0","1","0","1","1","1","0","1","0",40000
656,0.193002880720561,-0.815779322129776,-0.751595083135479,"1","0","1","0","1","1","0","0","0","0",14062
504,-0.545294063071376,-1.837457915969,-0.736789777319913,"1","0","1","0","1","1","0","0","0","0",7600
1209,-0.719580554720621,-0.658598000000665,-0.532796671785431,"0","1","0","0","1","1","0","0","1","0",8000
753,-0.762547016203594,-0.344235355742444,-0.313518088354879,"1","0","1","0","1","1","0","0","0","0",10200
754,-0.777070890507698,-0.344235355742444,-0.319253477094242,"1","0","0","0","1","1","0","0","0","0",10200
1372,-0.290521101320224,0.363080593838555,-0.406217976119012,"0","0","0","0","1","1","1","0","0","0",21000
231,-0.279023034162809,0.127308610644889,0.266971848080218,"0","0","0","0","1","1","1","0","0","1",14822.71
900,-0.0539029824492017,1.07039654341955,-0.266034404838287,"0","0","0","0","1","1","0","0","0","0",14000
29,-0.725027007584659,0.598852577032221,-0.0437334049232236,"0","0","1","1","0","1","0","0","1","1",40000
856,0.563966836904543,1.46334984874233,-0.526821197005815,"0","0","0","0","1","1","1","0","1","0",26000
1621,-0.779491536225048,-0.658598000000665,1.30489894496156,"0","0","1","1","1","1","1","0","1","0",25500
1950,-0.265104321288043,-0.344235355742444,-0.444018189345422,"0","0","0","1","1","1","1","1","1","0",30000
893,-0.659064411786855,-0.344235355742444,-0.52175271393382,"1","0","0","0","1","1","0","0","1","0",12000
412,-0.4412062972253,-1.44450461064622,-0.261339388940018,"0","0","1","0","1","1","0","0","1","0",12000
2224,3.64847464223856,1.54194050980689,0.774338436255575,"0","0","0","1","1","1","1","1","1","0",100600
884,0.875019811584097,0.127308610644889,1.06777692989743,"0","0","0","0","1","1","1","0","1","0",70000
2076,0.935535954517862,-0.344235355742444,-0.494687776507268,"0","0","0","0","1","1","0","0","0","0",2000
234,3.64242302794519,-0.462121347339277,-0.690639905138057,"0","0","0","0","1","1","1","0","0","0",30593.06
1803,-0.352247567112665,0.598852577032221,-0.479444218396003,"0","0","0","0","1","1","1","0","1","0",12000
10,-0.55981793737548,1.07039654341955,-0.418462364171885,"0","0","0","0","1","1","1","0","0","1",5000
2120,-0.709292810421881,-1.28732328851711,-0.755996660540107,"1","0","0","0","1","1","0","0","0","0",11001
404,-0.466623077257481,0.598852577032221,-0.354972944638465,"0","0","1","1","1","1","1","1","1","0",5500
1057,-0.741366366176776,0.127308610644889,3.6020184658953,"0","0","0","1","1","1","1","1","1","0",15000
447,0.0973873748852117,0.127308610644889,0.08963972568234,"0","0","0","0","1","1","1","0","1","0",27500
2298,-0.607020528863817,-1.52309527171077,-0.51094884212246,"0","0","1","0","1","1","1","0","0","0",16854.8
1060,-0.664510864650894,-1.28732328851711,1.41075317651138,"0","0","1","0","1","1","1","0","1","0",15000
84,-0.757100563339555,-0.58000733893611,-0.594232021863359,"0","0","0","1","1","1","0","0","1","1",10000
241,-0.573131488820908,-0.815779322129776,-0.46937838885653,"0","0","1","1","1","1","1","1","0","0",10777.81
1035,-0.308070782771016,0.127308610644889,-0.56838275819618,"0","0","0","0","1","1","1","0","1","0",10000
1192,-0.319568849928432,1.07039654341955,-0.50868136285341,"1","0","0","0","1","1","0","0","0","0",10000
2065,-0.562238583092831,-0.855074652662054,0.210483032609396,"1","0","0","0","1","1","0","0","1","0",27000
413,-0.630621824607986,3.07445840056572,-0.212681951448858,"0","0","0","1","0","1","1","0","0","0",8000
2282,-0.069032018182643,-1.05155130532344,2.75726239515378,"0","0","0","1","0","1","0","0","1","0",120000
2125,2.1736962389427,0.363080593838555,-0.0471559648081555,"0","0","0","0","1","1","1","0","1","0",15000
2281,0.0713654334236927,-1.05155130532344,-0.231675424855495,"1","0","0","0","1","1","0","0","0","0",11500
105,-0.295967554184263,-0.658598000000665,1.84492655011898,"0","0","0","0","1","1","1","1","0","1",44000
4,-0.355878535688691,-0.108463372548778,0.339142473958004,"0","0","1","1","1","1","1","1","1","1",30000
212,-0.330461755656509,0.127308610644889,0.534252396003145,"0","1","1","0","1","1","1","0","1","1",35000
984,-0.38432112286756,-0.658598000000665,2.88824266822483,"0","0","0","0","1","1","1","0","0","0",133000
2003,-0.320779172787107,0.598852577032221,-0.132653271364715,"0","0","0","0","1","1","1","0","0","0",6000
581,-0.397029512883651,0.127308610644889,-0.755116345059181,"0","0","1","0","1","1","1","0","1","0",6500
2157,-0.70687216470453,0.127308610644889,-0.81265696603968,"1","0","0","0","1","1","0","0","0","0",8000
282,-0.266314644146718,-0.815779322129776,-0.485419693175619,"0","0","0","1","1","1","1","1","0","0",14000
1644,-0.560423098804818,1.54194050980689,0.801014662950289,"0","0","0","1","0","1","1","1","1","0",16000
336,-0.436365005790599,0.913215221290442,-0.680751917109882,"0","0","0","0","1","1","1","0","0","0",7000
1419,0.467746169639856,-1.05155130532344,2.42674394640627,"0","0","0","0","1","1","0","0","0","0",150000
1987,-0.75589024048088,-2.38759254342088,-0.635980316640587,"1","0","1","0","1","1","0","0","0","0",5000
2124,-0.0539029824492017,-0.815779322129776,-0.445725467853884,"1","0","1","0","1","1","0","0","0","0",5000
1041,-0.551345677364753,0.127308610644889,0.534252396003145,"0","0","1","0","1","1","1","0","1","0",30000
1633,-0.157990748295278,-1.05155130532344,-0.543467162463317,"0","0","0","0","1","1","1","0","0","0",23000
576,-0.278417872733471,-0.855074652662054,-0.507987780959347,"0","0","0","0","1","1","1","0","0","0",10000
929,0.984554030294212,0.127308610644889,-0.532796671785431,"0","0","0","0","1","1","1","0","0","0",5000
552,-0.570710843103558,0.127308610644889,-0.264380478783215,"0","0","0","1","1","1","1","1","0","0",32500
860,1.21088440486649,3.66388835854988,-0.132653271364715,"0","0","0","0","1","1","1","0","0","0",22500
2179,-0.240292702685199,-0.855074652662054,-0.657294621769664,"0","0","1","0","1","1","1","0","0","0",12000
1871,0.0429228462448229,-0.658598000000665,-0.337179901433091,"0","0","0","1","1","1","0","1","0","0",10000
690,-0.62699085603196,0.127308610644889,0.0835308697692505,"1","0","0","0","1","1","0","0","0","0",25000
692,-0.288705617032211,1.07039654341955,-0.0254148400519633,"0","0","0","0","1","1","1","0","0","0",20000
2102,-0.311701751347042,0.127308610644889,0.120237357701177,"0","0","0","0","1","1","1","0","0","0",18000
1791,-0.681455384672348,0.127308610644889,-0.131408380785629,"0","0","0","0","1","1","1","0","1","0",42500
1547,-0.505353408735091,-1.05155130532344,-0.266141109745066,"0","0","0","0","1","1","0","1","1","0",20000
1997,0.989395321728913,-1.24802795798483,-0.459437048374967,"0","0","1","0","1","1","0","0","0","0",34000
1967,0.234153857915521,0.598852577032221,-0.168221573624334,"0","0","0","1","1","1","1","1","1","0",50000
109,-0.447257911518676,0.913215221290442,-0.363776099447721,"0","0","0","0","1","1","1","1","1","1",12000
415,-0.410948225758417,-0.658598000000665,-0.763990636472956,"0","0","0","0","1","1","1","0","1","0",6000
679,0.268648059387768,0.0487179495803331,-0.479444218396003,"0","0","0","0","1","1","0","1","1","0",28000
1285,-0.537426964489987,0.363080593838555,-0.228554306332213,"0","0","0","0","1","1","1","0","1","0",20000
1168,-0.685691514677712,-0.344235355742444,-0.751568406908784,"1","0","0","0","1","1","0","0","0","0",6000
837,0.0380815548101217,1.07039654341955,0.680971642824074,"0","0","1","0","1","1","1","0","1","0",50000
208,-0.456335332958741,-0.344235355742444,-0.835127240992195,"0","0","0","0","1","1","1","0","0","1",9000
224,-0.619728918879908,-0.265644694677888,-0.532796671785431,"0","0","1","1","1","1","1","1","1","1",7500
1233,-0.75831088619823,-0.108463372548778,-0.577292617912215,"0","0","0","0","1","1","1","0","1","0",3700
1812,-0.337723692808561,-0.344235355742444,-0.805230304527872,"0","0","0","0","1","1","1","0","0","0",6000
99,0.257149992230352,0.598852577032221,0.544922886681031,"0","0","0","0","1","1","1","1","1","1",15000
649,-0.57010568167422,-0.265644694677888,-0.0137306527596784,"0","0","0","1","0","1","0","0","0","0",12000
1469,-0.567079874527532,0.127308610644889,-0.612185122428901,"0","0","1","0","1","1","1","0","0","0",7000
401,0.255334507942339,0.127308610644889,-0.062786963354749,"0","0","0","0","1","1","1","0","1","0",17000
626,-0.288705617032211,1.54194050980689,-0.443875916136383,"0","0","0","0","1","1","1","0","1","0",8500
560,3.80037016100231,-1.44450461064622,-0.624349481801691,"1","1","1","0","1","1","0","0","0","0",19000
1524,-0.552556000223428,0.127308610644889,1.06777692989743,"0","0","0","0","1","1","1","0","1","0",25000
883,2.56463052229483,0.598852577032221,-0.0629216147847317,"0","0","0","1","1","1","1","1","0","0",80000
271,-0.31230691277638,0.834624560225887,0.400871262529573,"0","0","1","0","1","1","1","0","1","0",11000
862,0.764275270015306,0.834624560225887,-0.783259764222105,"1","0","0","0","1","1","1","0","0","0",16500
470,-0.334092724232535,-0.344235355742444,-0.443875916136383,"0","0","0","1","0","1","0","0","0","0",7000
1371,-0.561028260234155,-2.70195518767911,-0.844028208632664,"0","0","1","0","1","1","0","1","0","0",6000
742,-0.461176624393443,0.127308610644889,0.839108314670341,"0","0","0","0","1","1","1","0","0","0",20000
1717,-0.74560249618214,-1.05155130532344,0.712093907301241,"0","0","1","1","1","1","1","1","1","0",32500
179,0.828422381525097,-0.658598000000665,3.37969879262155,"0","1","0","1","0","1","1","0","1","1",120000
875,-0.128942999687071,-0.108463372548778,-0.39941020306652,"0","1","0","0","1","1","1","0","1","0",25000
1587,1.47836575663374,-0.344235355742444,0.000727862108856885,"0","0","0","1","0","1","1","0","1","0",15000
724,-0.829719934860073,-0.344235355742444,-0.612825351869575,"0","0","0","0","1","1","1","0","1","0",6000
1206,-0.210034631218316,0.127308610644889,-0.710647075159092,"0","0","1","0","1","1","1","0","0","0",5000
2090,-0.768598630496971,0.44167125490311,0.0489318037462058,"0","0","0","1","1","1","1","0","0","0",18000
462,0.820555282943708,2.01348447619422,-0.226020064796216,"0","0","0","0","1","1","1","0","0","0",5000
1526,-0.180381721180771,-1.44450461064622,-0.717209426925992,"0","0","0","0","1","1","0","0","1","0",9500
2079,-0.634252793184011,-1.05155130532344,-0.462264728404606,"1","0","0","0","1","1","0","0","0","0",15000
627,-0.487803727284299,0.127308610644889,0.306597477390452,"0","0","1","0","1","1","0","0","1","0",10000
871,-0.60883601315183,-1.05155130532344,0.534252396003145,"0","0","1","0","1","1","0","1","0","0",23000
519,-0.65785408892818,-0.0298727114842223,1.60130146379172,"0","0","0","0","1","1","1","0","1","0",63000
1291,1.53525093099148,0.127308610644889,-0.266034404838287,"0","0","0","1","1","1","1","1","1","0",40000
1961,4.8497200794738,-0.0298727114842223,0.952482278122878,"0","0","1","1","1","1","1","1","1","0",130000
1591,0.631139755561022,0.127308610644889,-0.177122541264804,"0","0","0","0","1","1","1","0","1","0",25000
1829,-0.42063080862782,2.56361910364611,-0.570905567063595,"0","0","0","0","1","1","1","0","0","0",5500
1054,-0.600363753141103,0.598852577032221,1.58605790568046,"0","0","0","1","1","1","1","1","1","0",80000
114,-0.315937881352406,-0.344235355742444,-0.882522003753137,"1","0","1","0","1","1","1","0","0","1",5000
1453,-0.27599722701612,-0.658598000000665,7.82574546714952,"0","0","0","1","1","1","1","1","0","0",115000
268,-0.240897864114537,1.07039654341955,0.184260301768492,"0","0","0","1","1","1","1","1","1","0",25000
540,-0.633042470325336,0.127308610644889,-0.657001183276022,"0","0","0","0","1","1","1","0","1","0",4000
1960,-0.680245061813673,0.127308610644889,0.56092862269786,"0","0","1","1","0","1","1","1","1","0",15500
1505,-0.767993469067633,-1.44450461064622,-0.514123313099131,"0","1","1","0","1","1","1","0","1","0",11000
1946,2.55010664799072,0.598852577032221,0.381816814890491,"0","0","0","0","1","1","1","0","0","0",50000
128,0.464720362493167,0.913215221290442,-0.256270905868022,"0","0","0","1","0","1","0","0","0","1",10000
1212,-0.694768936117777,0.284489932773999,-0.266034404838287,"0","0","1","1","0","1","1","0","1","0",6500
1420,-0.572526327391571,0.127308610644889,0.0362872722929112,"0","0","0","0","1","1","1","0","0","0",10000
966,-0.259657868424004,-0.658598000000665,0.932341726968368,"0","0","1","1","0","1","1","0","1","0",15000
1489,0.0725757562823679,0.127308610644889,0.525235831380332,"0","0","0","1","1","1","1","1","1","0",47433
737,-0.0478513681558251,0.127308610644889,-0.0627615574245634,"0","1","1","1","1","1","1","1","1","0",8500
1320,0.816924314367682,0.834624560225887,-0.577257049609955,"0","0","1","0","1","1","1","0","0","0",6500
235,-0.738340559030088,0.598852577032221,-0.0557457098038536,"0","0","0","1","1","1","1","1","1","0",16000
813,1.53040963955678,0.127308610644889,-0.266034404838287,"0","0","0","0","1","1","1","0","1","0",20000
1938,-0.664510864650894,0.127308610644889,-0.424304457818028,"0","0","0","0","1","1","1","0","1","0",100000
1102,2.59488859376171,0.127308610644889,0.832136927427456,"0","0","0","1","0","1","1","0","1","0",190000
715,-0.501722440159065,-0.265644694677888,2.59624469082449,"0","1","1","0","1","1","0","0","1","0",90000
1228,-0.407317257182391,-0.344235355742444,-0.302767568996909,"0","0","0","0","1","1","1","1","1","0",32501.93
2088,-0.38432112286756,-0.658598000000665,-0.378608081489982,"1","0","0","0","1","1","0","0","0","0",12000
425,-0.71715990900327,-0.226349364145611,-0.506787350758085,"0","0","0","0","1","1","1","0","0","0",6000
1662,-0.757100563339555,-1.837457915969,-0.687011938307575,"0","0","0","1","1","1","0","1","0","0",6500
1637,-0.686901837536387,-0.108463372548778,-0.570916999732178,"0","0","0","0","1","1","1","0","0","0",5000
1943,-0.584024394548986,0.598852577032221,-0.399415538311859,"0","0","0","0","1","1","1","0","1","0",18500
172,-0.533795995913961,-0.187054033613333,-0.532796671785431,"0","0","0","0","1","1","1","0","0","1",12000
1552,-0.612466981727856,-0.265644694677888,-0.675087664975038,"0","0","0","0","1","1","0","0","0","0",11000
2044,-0.767388307638295,2.01348447619422,-0.781774787602766,"0","0","0","0","1","1","1","0","1","0",7500
1901,-0.221532698375732,-0.344235355742444,-0.794250369620327,"0","0","1","1","0","1","1","0","1","0",10000
372,-0.656038604640167,0.913215221290442,2.04590524203696,"0","0","1","1","1","1","1","1","1","0",60000
75,-0.553766323082103,1.07039654341955,0.356401992629484,"0","0","0","0","1","1","1","0","1","1",30000
707,-0.646356021770764,-0.344235355742444,-0.408325398027894,"0","0","0","0","1","1","1","0","1","0",6500
1924,3.86088630393608,1.54194050980689,1.15668879347092,"0","0","1","1","1","1","1","1","1","0",140000
2118,-0.156780425436603,-0.344235355742444,-0.855765748378339,"1","0","0","0","1","1","0","0","0","0",3000
1136,0.485901012519985,0.127308610644889,-0.516257411234708,"0","0","0","0","1","1","1","0","1","0",17500
1153,4.63851874063496,-0.658598000000665,3.11813838987988,"0","0","0","1","0","1","1","0","0","0",222056.5
205,-0.582208910260973,-0.344235355742444,-0.657285729694099,"0","0","0","1","0","1","1","0","1","1",5000
399,-0.290521101320224,-0.108463372548778,-0.69314747044736,"1","0","0","0","1","1","0","0","0","0",8000
1739,-0.611256658869181,-0.108463372548778,-0.39704135413603,"0","0","0","0","1","1","1","0","1","0",6000
2300,-0.763152177632932,-1.75886725490444,-0.843521360325465,"1","0","0","0","1","1","0","0","0","0",2500
950,-0.748628303328828,-0.658598000000665,-0.390265592555572,"1","0","1","0","1","1","0","0","0","0",9000
1848,-0.174330106887395,1.07039654341955,2.71329997356089,"0","0","0","0","1","1","1","0","1","0",14000
2153,0.110095764901303,0.127308610644889,1.60130146379172,"0","0","1","0","1","1","1","0","1","0",50000
421,0.174242876411094,0.127308610644889,0.267490129056001,"0","0","1","0","1","1","1","0","1","0",3500
217,-0.756495401910217,-0.344235355742444,-0.559793013200482,"1","0","1","0","1","1","1","0","0","1",5000
202,0.845366901546551,0.598852577032221,0.267490129056001,"0","0","0","1","0","1","1","0","0","1",14100
1432,0.248677732219625,1.54194050980689,-0.710647075159092,"0","0","0","0","1","1","0","0","1","0",10000
1493,-0.620334080309245,0.127308610644889,-0.043732515715667,"0","0","1","1","1","1","1","1","1","0",6000
940,-0.523508251615221,2.95657240896888,-0.763999528548521,"0","0","1","0","1","1","1","0","0","0",6000
506,-0.680850223243011,-2.23041122129177,-0.301593815022342,"0","0","0","0","1","1","1","0","1","0",10000
568,0.236574503632872,-0.108463372548778,0.964673313722362,"0","0","0","0","1","1","1","0","0","0",145000
1289,0.139748674938847,-0.187054033613333,-0.362068820939259,"1","0","0","0","1","1","0","0","0","0",20600
660,2.32256595055976,0.598852577032221,0.125199135866394,"0","0","1","0","1","1","1","0","0","0",20000
1934,2.63543440952733,1.54194050980689,1.0947199188591,"0","0","1","1","1","1","1","1","1","0",70000
2159,-0.731683783307374,-0.187054033613333,-0.708406272116736,"0","0","0","0","1","1","0","0","1","0",9000
1690,-0.663905703221556,-1.44450461064622,-0.562940807950459,"0","0","0","1","1","1","1","1","1","0",3500
2292,-0.299598522760289,0.127308610644889,-0.666177805259003,"0","0","0","0","1","1","0","0","0","0",5000
1963,-0.524113413044558,-0.815779322129776,-0.224979691955122,"0","0","1","1","0","1","0","0","0","0",9000
1207,-0.0744784710466819,0.598852577032221,2.93511279852744,"0","0","0","0","1","1","1","0","1","0",60000
1211,-0.695374097547114,0.127308610644889,-0.317226083865444,"0","0","0","1","1","1","1","1","1","0",11000
2161,0.146405450661562,0.520261915967665,0.785462422787271,"0","0","1","0","1","1","1","0","1","0",36000
1826,-0.620939241738583,-1.75886725490444,-0.788301571067406,"1","0","0","0","1","1","0","0","0","0",22000
1086,-0.388557252872924,-0.815779322129776,-0.543440486236622,"0","0","1","1","0","1","1","0","1","0",21000
639,-0.46964888440417,0.127308610644889,-0.266034404838287,"0","0","1","0","1","1","1","0","1","0",12000
2172,-0.705661841845855,1.54194050980689,-0.132653271364715,"0","0","0","0","1","1","1","0","1","0",6000
344,-0.502932763017741,1.07039654341955,0.116209247470276,"0","0","0","1","1","1","1","1","0","0",4500
1584,0.0677344648476667,3.66388835854988,0.356401992629484,"0","0","0","0","1","1","1","1","1","0",15000
2217,0.150036419237588,0.127308610644889,-0.399415538311859,"0","0","0","0","1","1","1","0","1","0",8000
1764,0.142169320656198,4.48909029972771,-0.684370991864799,"1","0","1","0","1","1","0","0","0","0",5500
909,-0.42305145434517,-0.462121347339277,0.0589620649834184,"0","0","1","0","1","1","1","0","0","0",15000
2132,-0.460571462964105,-0.187054033613333,0.257166429325147,"0","0","1","1","1","1","1","1","1","0",16412
1400,1.22722376345861,0.127308610644889,1.48659368900445,"0","0","0","1","0","1","1","0","1","0",40000
2109,1.57761223104511,-0.462121347339277,-0.128278370186782,"0","0","1","1","1","1","0","1","0","0",120000
1862,-0.456335332958741,0.363080593838555,-0.710647075159092,"0","0","0","0","1","1","1","0","1","0",3000
207,-0.464807592969468,-0.58000733893611,-0.550803124804364,"0","0","1","0","1","1","1","0","1","1",16072
2169,-0.210639792647654,1.07039654341955,-0.492675626836581,"0","0","0","1","1","1","1","1","1","0",24535
1439,-0.736525074742075,1.54194050980689,-0.808522150902,"0","0","1","0","1","1","1","0","0","0",9500
1745,-0.715949586144595,-0.815779322129776,0.667633529476717,"0","1","0","0","1","1","1","0","1","0",9000
1281,-0.649381828917453,-1.28732328851711,-0.2695023143086,"1","0","0","0","1","1","0","0","0","0",11500
1170,0.472587461074557,1.07039654341955,-0.0881928935401911,"0","0","0","0","1","1","1","0","0","0",28000
203,-0.699610227552478,0.598852577032221,-0.764372995722247,"0","0","1","0","1","1","1","0","0","1",5000
2011,-0.665721187509569,0.127308610644889,-0.488354078112037,"0","0","1","1","0","1","1","0","0","0",70000
134,4.0043095626891,2.20996112885561,-0.70995349326503,"1","0","1","0","1","1","0","0","0","1",10000
1629,0.981528223147523,-0.108463372548778,-0.712354353667554,"1","0","0","0","1","1","0","0","0","0",20000
269,1.29560700497377,-1.24802795798483,-0.681421363370269,"0","0","0","0","1","1","0","0","0","0",17000
1867,0.19058223500321,2.01348447619422,-0.0405135843611715,"1","0","0","0","1","1","0","0","0","0",24943.05
240,-0.115629448241642,0.95251055182272,-0.532796671785431,"0","0","0","0","1","1","0","1","1","0",20000
1723,-0.0605597581719158,-0.344235355742444,1.30786297014986,"0","0","0","0","1","1","1","0","0","0",8500
154,0.323112588028156,-0.815779322129776,-0.653639978712488,"1","0","1","0","1","1","0","0","0","1",10000
2168,0.358817112359078,0.323785263306277,0.863143594922279,"0","0","0","1","1","1","0","1","1","0",32000
1545,2.53195180511059,0.127308610644889,0.000727862108856885,"0","0","0","0","1","1","1","0","1","0",20000
297,-0.439390812937287,2.56361910364611,0.267490129056001,"0","0","0","0","1","1","1","0","0","0",4000
841,-0.392793382878288,0.127308610644889,7.30270469034626,"0","0","0","1","1","1","1","1","1","0",14000
1778,0.183925459280496,-0.344235355742444,-0.506120445090717,"0","0","1","0","1","1","1","0","1","0",4000
2055,0.553679092605802,-0.855074652662054,1.3587363128718,"0","0","0","1","1","1","1","1","1","0",85411.56
958,2.74859959681347,0.598852577032221,0.179458580963443,"0","0","0","1","0","1","1","0","1","0",100000
659,0.272884189393131,1.07039654341955,1.46824044503849,"1","1","0","1","0","1","0","0","0","0",50000
13,-0.28386432559751,-1.75886725490444,-0.88604326567684,"1","0","1","0","1","1","0","0","0","1",5300
3,-0.209429469788979,-1.44450461064622,-0.621708535358915,"0","0","1","0","1","0","0","1","1","1",5000
1957,-0.571921165962233,-2.23041122129177,-0.833944594942062,"1","0","1","0","1","1","0","0","0","0",4000
1081,-0.61912375745057,-1.90295013352279,-0.535752397703206,"0","0","1","0","1","1","1","0","1","0",17500
1971,-0.0696371796119807,-0.815779322129776,-0.211854988421322,"0","0","1","0","1","1","0","0","0","0",18000
579,-0.790989603382464,0.127308610644889,-0.185125409273218,"0","0","0","0","1","1","1","1","1","0",8500
2265,-0.406106934323716,1.54194050980689,-0.609037327678925,"0","0","0","0","1","1","0","1","0","0",17000
474,-0.564659228810181,-0.815779322129776,0.103377982430118,"0","0","1","1","1","1","1","1","1","0",23500
405,0.417517771004831,1.07039654341955,-0.577257049609955,"0","0","1","1","1","1","1","1","0","0",6500
820,-0.245739155549238,2.01348447619422,-0.364736443608731,"1","0","0","0","1","1","0","0","1","0",12000
1516,-0.294757231325588,-1.05155130532344,-0.490301442660751,"0","0","1","0","1","1","0","0","1","0",17000
1925,0.191792557861886,-0.58000733893611,-0.592764829395149,"0","0","0","0","1","1","0","0","1","0",18000
2037,2.38368725492287,0.598852577032221,-0.292710631533002,"0","0","1","0","1","1","1","0","0","0",20000
143,-0.732894106166049,0.127308610644889,-0.319386858227716,"0","0","0","0","1","1","1","0","0","1",10000
1668,-0.517456637321844,0.598852577032221,-0.0255748974121316,"0","0","0","0","1","1","1","0","1","0",20000
1230,0.448986165330388,-0.815779322129776,-0.417199689441669,"0","0","1","0","1","1","1","0","0","0",37500
482,-0.509589538740455,0.127308610644889,0.534252396003145,"0","1","0","0","1","1","1","0","1","0",11000
511,0.17787384498712,-3.01631783193733,-0.87483925046506,"0","0","1","0","1","1","0","0","0","0",20000
1598,-0.619728918879908,-0.344235355742444,-0.0878105342909002,"0","0","1","1","0","1","1","1","1","0",23500
133,-0.225768828381095,-0.972960644258887,-0.855579014791476,"0","0","1","0","1","1","1","0","1","1",16000
319,-0.734709590454062,-0.855074652662054,0.267490129056001,"0","0","0","1","1","1","0","0","0","0",30000
1033,-0.635463116042687,0.127308610644889,-0.362282230752817,"0","0","1","0","1","1","1","0","0","0",25000
54,-0.602784398858453,-0.344235355742444,-0.669378952462369,"1","0","1","0","1","1","1","0","0","1",12000
1275,1.90137359574076,-1.44450461064622,-0.564061209471637,"0","0","1","1","0","1","1","0","0","0",125000
2180,-0.730473460448698,-0.0691680420165,-0.145591241311652,"1","0","1","0","1","1","1","0","0","0",5000
968,-0.72744765330201,-0.187054033613333,-0.666177805259003,"0","0","1","0","1","1","0","0","0","0",7000
1641,-0.539242448778,-0.815779322129776,-0.746206485343147,"0","0","1","0","1","1","0","0","1","0",23000
903,-0.774045083361009,-0.462121347339277,-0.532796671785431,"0","0","0","0","1","1","1","0","0","0",7000
1782,-0.507168893023104,0.363080593838555,3.20187506547459,"0","0","0","0","1","1","1","0","1","0",50000
722,-0.343775307101938,-1.75886725490444,-0.801826418001626,"1","0","0","0","1","1","0","0","0","0",8000
51,3.57646043214738,0.0487179495803331,4.95396963478343,"0","0","0","0","1","1","1","0","1","1",20000
1806,0.934930793088524,-0.265644694677888,-0.268275207880643,"0","0","1","0","1","1","1","0","0","0",28000
1005,-0.475095337268208,-0.658598000000665,-0.488327401885343,"0","0","0","1","0","1","0","0","1","0",10000
1844,-0.540452771636675,0.0880132801126108,1.42345995249363,"0","1","1","0","1","1","1","0","1","0",27500
2073,-0.588865685983687,-0.815779322129776,-0.506120445090717,"0","0","0","1","0","1","1","0","1","0",10000
2045,-0.574946973108921,-0.815779322129776,-0.0567060539648632,"0","0","0","0","1","1","1","0","0","0",16000
1647,-0.248764962695926,-0.658598000000665,-0.614639335284815,"0","0","0","1","1","1","1","1","1","0",30000
1154,0.0132699362072779,-0.344235355742444,-0.372739311617145,"0","0","0","0","1","1","1","1","0","0",25000
1441,0.183320297851158,0.205899271709444,0.261701387863248,"0","0","0","1","1","1","0","1","0","0",35000
2241,-0.285074648456185,0.127308610644889,-0.631552063009264,"1","0","0","0","1","1","0","0","0","0",9500
530,-0.638488923189375,0.598852577032221,-0.547255186653967,"0","0","1","0","1","1","1","0","0","0",11000
952,-0.458755978676092,0.598852577032221,1.17626914386484,"0","1","0","1","0","1","1","0","1","0",7500
46,0.009638967631252,-0.265644694677888,-0.320934079376009,"0","0","0","0","1","1","1","0","1","1",12700
1635,-0.146492681137863,-0.108463372548778,0.08963972568234,"0","0","0","0","1","1","1","0","0","0",17000
828,0.763670108585968,-0.187054033613333,-0.0437325157156672,"0","0","0","1","0","1","1","0","1","0",90124
2047,-0.653617958922816,-0.815779322129776,-0.787501284266565,"1","1","1","0","1","1","0","0","0","0",6000
551,-0.394003705736963,1.46334984874233,0.453183343077908,"0","0","0","1","0","1","1","0","1","0",75000
709,-0.399450158601002,0.127308610644889,0.102124199775466,"0","0","1","1","1","1","1","1","0","0",38268
376,-0.436970167219936,-0.855074652662054,0.358856205485398,"0","0","0","1","0","1","1","0","1","0",30000
1384,0.206921593595327,0.363080593838555,-0.212681951448858,"0","0","0","1","1","1","1","1","0","0",19000
924,0.206316432165989,0.127308610644889,-0.0170562890209528,"0","0","1","0","1","1","1","0","1","0",25000
479,-0.695979258976452,0.127308610644889,-0.136948143862564,"1","0","0","0","1","1","0","0","0","0",12500
503,-0.669957317514933,0.127308610644889,-0.588443280670606,"1","0","0","0","1","1","1","0","0","0",5000
2026,-0.599153430282427,-1.44450461064622,-0.856779444992738,"0","0","1","0","1","1","0","0","1","0",7000
486,0.911934658773693,1.07039654341955,-0.186139105887618,"0","0","0","1","1","1","1","0","0","0",18000
1856,2.31227820626102,-0.815779322129776,-0.399415538311859,"0","0","0","0","1","1","0","0","0","0",25000
186,1.33010120644601,-0.855074652662054,-0.354972944638465,"0","1","0","1","1","1","0","1","0","1",60000
584,0.988184998870238,0.520261915967665,6.86606821180717,"0","1","0","0","1","1","1","1","0","0",100000
2014,-0.274786904157445,1.54194050980689,0.124318820385469,"0","0","0","1","1","1","1","0","0","0",15000
1,0.312219682300079,1.07039654341955,0.870292823676463,"0","0","0","1","0","1","1","0","1","1",33000
1940,-0.735919913312737,-0.265644694677888,-0.825888374480259,"1","0","1","0","1","1","0","0","0","0",13500
1677,0.331584848038884,1.54194050980689,-0.592684800715065,"0","0","0","1","1","1","1","1","1","0",6000
1929,2.77885766828035,0.127308610644889,4.4327695176221,"0","0","0","0","1","1","1","0","1","0",40000
537,-0.702030873269829,1.54194050980689,0.883790994383988,"0","1","1","0","1","1","1","0","1","0",45000
227,-0.539847610207337,-0.344235355742444,1.95698448638791,"0","1","0","0","1","1","0","0","0","1",12000
485,-0.612466981727856,-0.108463372548778,-0.89255226499035,"1","0","0","0","1","1","0","0","0","0",5000
195,0.677132024190684,1.07039654341955,0.789944028871983,"0","0","0","1","1","1","0","1","1","1",69950
1804,-0.432128875785235,0.598852577032221,-0.58614912517486,"0","0","0","0","1","1","1","0","1","0",11000
1623,1.98125490441333,0.127308610644889,4.93582980063102,"0","0","1","1","1","1","1","0","0","0",48000
2214,0.0241628419353556,-1.28732328851711,-0.27374383435306,"0","0","1","1","1","0","1","1","0","0",30000
2113,-0.709292810421881,-1.05155130532344,-0.502492478260236,"1","0","0","0","1","1","0","0","0","0",52000
1694,-0.467833400116157,0.127308610644889,0.400871262529573,"0","0","0","0","1","1","1","0","1","0",25000
2082,-0.631832147466661,1.07039654341955,0.177297806601172,"0","0","1","0","1","1","1","0","1","0",15000
2210,1.10135018615638,0.913215221290442,-0.25269629149093,"0","0","0","1","1","1","1","0","1","0",25000
574,0.303142260860014,0.598852577032221,-0.184378474925766,"0","0","0","1","1","1","1","1","1","0",50000
1991,3.71141143088968,-1.28732328851711,-0.108191171485662,"1","0","0","0","1","1","0","0","1","0",10000
1544,-0.596127623135739,0.127308610644889,-0.666177805259003,"0","0","0","0","1","1","1","0","0","0",4000
119,-0.530165027337935,-0.344235355742444,-0.795104008874558,"0","0","0","0","1","1","0","0","1","1",17000
1680,-0.7353147518834,-0.265644694677888,0.000727862108856885,"0","0","1","0","1","1","1","0","0","0",26219
1808,-0.237266895538511,1.07039654341955,-0.367404066278202,"0","0","1","0","1","1","1","0","0","0",11000
1260,0.629324271273009,0.598852577032221,0.712076123150111,"0","0","0","1","1","1","1","0","1","0",47500
1570,-0.709292810421881,0.127308610644889,0.827726981010532,"0","0","0","1","1","1","1","1","1","0",100000
291,0.200869979301951,-1.05155130532344,-0.417235257743929,"1","0","0","0","1","1","0","0","0","0",13000
1669,3.31139972609749,-0.344235355742444,0.267490129056001,"0","0","0","1","0","1","1","0","1","0",22500
1246,1.45839542946559,0.205899271709444,-0.0970938611806609,"0","0","0","0","1","1","1","0","0","0",30000
1343,-0.285074648456185,-0.815779322129776,-0.787181169546228,"1","0","1","0","1","1","0","0","0","0",9000
308,-0.4412062972253,-0.344235355742444,-0.835127240992195,"0","0","1","0","1","1","1","0","0","0",7500
1603,-0.692953451829764,2.95657240896888,-0.833864566261978,"1","0","0","0","1","1","0","0","0","0",4000
1249,-0.62699085603196,-0.344235355742444,-0.638968054030395,"1","0","1","0","1","1","0","0","0","0",6000
942,0.304957745148027,0.598852577032221,-0.212681951448858,"0","0","0","0","1","1","1","0","1","0",9000
1328,-0.535611480201974,0.127308610644889,0.223020859155912,"0","0","0","0","1","1","1","0","0","0",12000
1801,-0.663905703221556,1.30616852661322,-0.594525460357,"1","0","0","0","1","1","0","0","0","0",6000
873,-0.778281213366373,-0.344235355742444,0.0489584799729005,"0","0","1","0","1","1","1","0","1","0",13000
2060,-0.75831088619823,1.07039654341955,0.356410884705049,"0","0","0","0","1","1","1","0","1","0",8000
1761,0.393311313831324,2.01348447619422,-0.113606445504689,"0","0","0","0","1","1","1","0","1","0",35000
931,-0.31472755849373,0.166603941177166,-0.44983360676487,"0","1","0","0","1","1","0","0","0","0",20000
1682,-0.548319870218065,0.127308610644889,-0.422330417042619,"0","0","1","0","1","1","1","0","1","0",3000
1208,-0.236056572679835,0.598852577032221,-0.746206485343147,"0","0","0","0","1","1","1","0","1","0",10000
1828,-0.22455850552242,-0.658598000000665,0.178551589255823,"0","0","0","0","1","1","1","0","0","0",5350
2135,-0.360719827123392,2.01348447619422,0.356410884705049,"0","0","0","0","1","1","1","0","1","0",11000
1785,-0.459966301534767,-1.24802795798483,-0.14288959649402,"0","0","1","0","1","1","0","0","0","0",10000
11,0.11070092633064,-0.187054033613333,-0.177122541264804,"0","0","0","0","1","1","1","0","1","1",35000
124,-0.2917314241789,-0.265644694677888,-0.0882106776913209,"0","0","1","0","1","1","1","1","1","1",36000
184,0.16758610068838,-0.265644694677888,-0.291750287371992,"0","0","0","1","0","1","1","0","1","1",35000
1198,-0.29415206989625,0.913215221290442,0.332686827097883,"0","0","0","0","1","1","1","0","1","0",12851.33
347,3.61942689363036,0.598852577032221,-0.354955160487335,"0","0","1","1","0","1","0","0","0","0",125000
1244,-0.360719827123392,0.913215221290442,-0.137988516703658,"0","0","0","0","1","1","1","0","0","0",39000
1607,1.36459540791826,0.598852577032221,-0.0526245912805719,"0","0","1","0","1","1","1","0","1","0",31156
1152,-0.585234717407662,-1.05155130532344,-0.741031297364372,"1","0","1","0","1","1","0","0","0","0",8000
147,-0.0278810409876826,0.127308610644889,-0.228821068599161,"0","0","0","0","1","1","1","0","1","1",24000
557,-0.113208802524292,0.598852577032221,0.100550302400478,"0","0","0","1","0","1","1","0","0","0",10000
98,-0.669352156085595,-0.658598000000665,-0.532796671785431,"0","0","1","1","1","1","1","1","0","1",5000
1766,1.39727412510249,0.44167125490311,-0.953827557708109,"0","0","0","0","1","1","0","1","0","0",22500
1698,-0.0853713767747596,3.58529769748533,-0.451674266406805,"0","0","0","1","1","1","1","1","1","0",7000
721,-0.613072143157193,-0.658598000000665,-0.399415538311859,"0","0","1","1","1","1","1","0","1","0",45000
364,1.30528958784317,0.127308610644889,-0.113606445504689,"0","0","0","0","1","1","1","0","1","0",37822.38
1850,0.0108492904899273,-0.658598000000665,-0.621717427434479,"0","0","0","0","1","1","1","0","0","0",15000
379,0.161534486395003,-0.855074652662054,-0.621717427434479,"0","0","1","0","1","1","1","0","1","0",26528.28
718,0.488321658237336,0.598852577032221,-0.532796671785431,"0","0","0","0","1","1","1","0","1","0",5000
2184,-0.510194700169793,1.07039654341955,-0.675087664975038,"0","0","0","0","1","1","1","0","1","0",10500
37,-0.736525074742075,-0.658598000000665,-0.696695408597757,"1","0","0","0","1","1","0","0","0","1",7000
1015,0.127645446352094,-4.41130206583319,0.164759980054656,"0","0","1","0","1","0","1","0","0","0",10000
248,-0.772229599072996,-1.05155130532344,-0.710638183083527,"0","0","0","1","0","1","1","0","1","0",7500
1567,-0.548925031647402,1.54194050980689,1.53938594163329,"1","0","1","0","1","1","0","0","0","0",96000
1875,2.9579854513643,0.598852577032221,0.230730288670685,"0","0","1","1","1","1","1","1","1","0",50000
855,-0.417605001481131,-0.108463372548778,-0.441163833089087,"0","0","0","0","1","1","1","0","1","0",21000
1557,-0.282654002738835,0.127308610644889,-0.195315727870599,"0","0","0","1","1","1","1","1","1","0",20000
23,0.117962863482692,-0.855074652662054,-0.399415538311859,"0","0","1","1","1","1","0","0","1","1",17000
1528,-0.694768936117777,0.127308610644889,-0.557338800344569,"0","0","1","0","1","1","1","0","0","0",14898
2257,-0.00972619810755293,-0.462121347339277,-0.527141311726152,"0","0","0","1","1","1","0","1","1","0",20000
1123,-0.65785408892818,1.30616852661322,-0.136948143862564,"1","0","0","0","1","1","0","0","0","0",28000
2245,-0.475095337268208,0.834624560225887,-0.0704176344859465,"0","1","0","0","1","1","1","0","0","0",10000
796,-0.467833400116157,0.598852577032221,0.801014662950289,"0","0","1","0","1","1","1","0","1","0",36000
24,-0.481146951561585,-0.422826016806999,-0.787181169546228,"1","0","1","0","1","1","0","0","0","1",7000
251,-0.502327601588403,0.127308610644889,0.744087595183769,"0","0","0","0","1","1","1","0","0","0",12000
1688,-0.638488923189375,-0.344235355742444,0.318094931095874,"1","0","0","0","1","1","0","0","0","0",12000
230,-0.572526327391571,0.127308610644889,-0.32967625995282,"0","0","1","0","1","1","1","0","0","1",14000
1687,-0.686901837536387,-2.23041122129177,-0.620828219877989,"1","0","0","0","1","1","0","0","0","0",9600
876,-0.447863072948014,1.46334984874233,-0.132653271364715,"0","0","0","0","1","1","1","0","1","0",13000
1579,-0.363140472840743,-0.58000733893611,-0.496863794427651,"0","0","0","0","1","1","0","0","1","0",19000
1718,-0.486593404425624,0.598852577032221,-0.354955160487335,"0","0","0","0","1","1","1","0","0","0",15000
1853,-0.505353408735091,-1.28732328851711,-0.368391086665906,"1","0","1","0","1","1","0","0","0","0",8000
2038,1.8136251884868,-0.658598000000665,0.0231625687591118,"0","0","1","1","0","1","0","0","0","0",75000
1301,-0.469043722974832,0.913215221290442,0.267490129056001,"0","0","0","0","1","1","1","0","1","0",20000
1643,3.14134936445361,0.205899271709444,0.801014662950289,"0","1","0","0","1","1","1","0","0","0",45000
1529,-0.508379215881779,-0.658598000000665,0.889953202750467,"0","0","0","0","1","1","0","0","0","0",25613.18
1619,1.42813735799871,0.598852577032221,5.67974084239096,"0","0","1","1","0","1","1","0","1","0",125000
2091,-0.401265642889015,-0.815779322129776,-0.662709895788691,"0","0","1","0","1","1","1","0","1","0",12129
2182,0.689840414206775,0.598852577032221,0.550791656553868,"0","0","0","1","1","1","1","1","1","0",80000
1585,-0.637883761760037,-0.344235355742444,-0.5571787429844,"1","0","1","0","1","1","0","0","0","0",9388.58
49,-0.298388199901614,0.205899271709444,4.26892413326316,"0","1","0","1","1","1","1","0","1","1",60000
599,-0.769203791926308,-2.07322989916266,-0.42505139216548,"1","0","1","0","1","1","0","0","1","0",4000
1613,-0.47993662870291,-0.344235355742444,-0.0103961244228391,"0","0","0","0","1","1","1","0","1","0",40000
997,0.070760271994355,0.913215221290442,-0.598153427187482,"0","0","1","0","1","1","1","0","1","0",3000
290,-0.136204936839123,-1.28732328851711,-0.445618762947105,"1","0","0","0","1","1","0","0","0","0",2000
1634,-0.0750836324760195,-0.344235355742444,-0.304154732785034,"0","0","1","1","0","1","1","0","1","0",12500
1003,-0.154359779719252,-0.344235355742444,0.267490129056001,"0","1","1","0","1","1","0","0","1","0",20000
1551,-0.643330214624076,-0.344235355742444,-0.689332770030016,"0","0","1","0","1","1","1","0","1","0",5000
930,0.303747422289352,-0.658598000000665,-0.659001900278125,"1","0","1","0","1","1","0","0","0","0",9000
719,-0.222743021234407,-1.05155130532344,-0.765146606296394,"0","0","1","1","1","1","1","0","0","0",60000
601,-0.747417980470153,1.07039654341955,-0.221591811164893,"0","0","1","0","1","1","1","0","0","0",6500
1935,0.326743556604182,1.07039654341955,-0.372739311617145,"0","0","0","0","1","1","1","0","0","0",30000
1859,-0.286284971314861,0.520261915967665,-0.266034404838287,"0","0","0","0","1","1","1","0","0","0",13500
39,2.18216849895343,-1.05155130532344,1.10117556571922,"0","1","1","1","1","1","0","1","0","1",120000
1200,-0.260263029853341,-1.05155130532344,-0.563394303804269,"0","0","1","1","1","1","1","1","1","0",11933
2291,-0.605205044575804,-0.265644694677888,1.68309077483772,"0","0","0","0","1","1","1","0","0","0",155000
